,MS,JPM,C,WFC,BAC,PG,WMT,MO,KR,KHC,KMI,HAL,XOM,OXY,MRO,3-Year Note Auction,30-Year Bond Auction,5-Year Note Auction,7-Year Note Auction,All Car Sales,All Truck Sales,Building Permits (MoM),CB Employment Trends Index,Challenger Job Cuts,Chicago Fed National Activity,Cleveland CPI (MoM),Continuing Jobless Claims,Core CPI (YoY),Core CPI Index,Core PCE Price Index (YoY),CPI (YoY),"CPI Index, n.s.a.",Dallas Fed Mfg Business Index,Dallas Fed PCE,Dallas Fed Services Revenues,Durables Excluding Defense (MoM),EIA Weekly Distillates Stocks,Existing Home Sales (MoM),Export Price Index (MoM),Factory orders ex transportation (MoM),"US Foreign Buying, T-bonds",Gasoline Inventories,Goods Orders Non Defense Ex Air (MoM),Government Payrolls,House Price Index (YoY),Housing Starts (MoM),ISM Manufacturing Employment,ISM Manufacturing New Orders Index,ISM Non-Manufacturing Business Activity,ISM Non-Manufacturing Employment,ISM Non-Manufacturing New Orders,ISM Non-Manufacturing Prices,Jobless Claims 4-Week Avg.,JOLTs Job Openings,KC Fed Composite Index,KC Fed Manufacturing Index,Manufacturing Production (MoM),Manufacturing Payrolls,MBA 30-Year Mortgage Rate,MBA Purchase Index,Michigan 5-Year Inflation Expectations,Michigan Consumer Expectations,Michigan Current Conditions,House Price Index,Mortgage Market Index,Mortgage Refinance Index,New Home Sales (MoM),ISM-New York Index,NFIB Small Business Optimism,Overall Net Capital Flow,Pending Home Sales Index,Philly Fed Business Conditions,Philly Fed CAPEX Index,Philly Fed Employment,Philly Fed New Orders,Philly Fed Prices Paid,Private Nonfarm Payrolls,Real Earnings (MoM),Real Personal Consumption (MoM),Redbook (MoM),Redbook (YoY),Retail Control (MoM),Retail Sales Ex Gas/Autos (MoM),Richmond Manufacturing Shipments,Richmond Services Index,S&P/CS HPI Composite - 20 s.a. (MoM),S&P/CS HPI Composite - 20 n.s.a. (MoM),Texas Services Sector Outlook,TIC Net Long-Term Transactions including Swaps,CFTC Crude Oil speculative net positions,CFTC Gold speculative net positions,CFTC Silver speculative net positions,Construction Spending (MoM),ISM Manufacturing PMI,ISM Manufacturing Prices,Factory Orders (MoM),Pending Home Sales (MoM),Total Vehicle Sales,MBA Mortgage Applications (WoW),Challenger Job Cuts (YoY),ADP Nonfarm Employment Change,ISM Non-Manufacturing PMI,Crude Oil Inventories,Initial Jobless Claims,Natural Gas Storage,Average Hourly Earnings (MoM),Average Weekly Hours,Nonfarm Payrolls,U6 Unemployment Rate,Unemployment Rate,Wholesale Inventories (MoM),U.S. Baker Hughes Oil Rig Count,Consumer Credit,Trade Balance,IBD/TIPP Economic Optimism,Federal Budget Balance,Core Retail Sales (MoM),Import Price Index (MoM),Retail Sales (MoM),Business Inventories (MoM),Core CPI (MoM),CPI (MoM),NY Empire State Manufacturing Index,Capacity Utilization Rate,Industrial Production (MoM),Michigan Consumer Sentiment,Michigan Inflation Expectations,TIC Net Long-Term Transactions,NAHB Housing Market Index,Building Permits,Core PPI (MoM),Housing Starts,PPI (MoM),Philadelphia Fed Manufacturing Index,Existing Home Sales,S&P/CS HPI Composite - 20 n.s.a. (YoY),CB Consumer Confidence,House Price Index (MoM),Richmond Manufacturing Index,New Home Sales,Fed Interest Rate Decision,Core Durable Goods Orders (MoM),Durable Goods Orders (MoM),Employment Cost Index (QoQ),GDP (QoQ),GDP Price Index (QoQ),Chicago PMI,10-Year Note Auction,Core PCE Price Index (MoM),Personal Income (MoM),Personal Spending (MoM),Nonfarm Productivity (QoQ),Unit Labor Costs (QoQ),Current Account,3-Month Bill Auction,PPI (YoY)
2011Q3,98100000000.0,271060000000.0,268620000000.0,212640000000.0,338160000000.0,215300000000.0,1093660000000.0,61080000000.0,209130000000.0,44740000000.0,21220000000.0,65480000000.0,1253300000000.0,60060000000.0,36490000000.0,0.46,3.96,1.1666666666666667,1.71,5823333.333333332,6746666.666666668,-1.6666666666666667,106.0,77750.0,-0.31666666666666665,0.2333333333333333,3708.1538461538453,1.933333333333333,225.71666666666667,1.6666666666666667,3.766666666666667,226.45,-9.4,2.033333333333333,9.233333333333334,1.2,1146666.666666667,0.8333333333333334,0.16666666666666666,0.3666666666666667,58900000000.0,138461.53846153847,0.6666666666666666,-48666.66666666666,-3.333333333333333,2.5,54.86666666666667,52.33333333333334,56.2,51.43333333333334,54.5,60.83333333333334,413246.66666666674,3373333.333333333,4.666666666666667,3.0,0.5,15666.666666666664,4.363333333333333,189.12,2.9,49.5,73.13333333333333,181.2333333333333,680.2233333333334,3552.316666666667,0.3333333333333333,528.6666666666667,89.59999999999998,33300000000.0,89.59999999999998,21.3,11.266666666666666,7.099999999999999,-6.066666666666666,29.566666666666666,76000.0,-0.06666666666666668,0.16666666666666666,0.10666666666666667,4.306666666666667,0.2333333333333333,0.16666666666666666,1.6666666666666667,4.333333333333333,-0.3,0.1333333333333334,-10.733333333333334,32166666666.666668,147792.85714285713,187371.42857142852,22164.285714285717,-0.5666666666666667,52.26666666666666,60.83333333333334,0.7999999999999999,-0.03333333333333336,11933333.333333336,2.492307692307693,37.23333333333333,120666.66666666669,53.1,-1415384.6153846157,409538.46153846156,67692307692.307686,0.10000000000000002,34.266666666666666,45000.0,16.133333333333333,9.133333333333333,1.0666666666666669,1043.357142857143,10866666666.666666,-49366666666.666664,39.03333333333333,-102233333333.33333,0.2,-0.20000000000000004,0.2,0.5666666666666668,0.2333333333333333,0.2333333333333333,-6.766666666666668,77.2,0.43333333333333335,60.971428571428575,3.5,12266666666.666666,14.666666666666664,613666.6666666665,0.26666666666666666,600000.0,-0.06666666666666668,-15.0,4823333.333333333,-4.366666666666666,49.8,0.7000000000000001,-5.666666666666668,301666.66666666674,0.25,0.2333333333333333,0.6,0.7,1.2,2.4,58.56666666666666,2.4633333333333334,0.13333333333333333,0.10000000000000002,0.26666666666666666,-0.5,2.75,-118000000000.0,0.03333333333333333,4.433333333333334
2012Q1,69240000000.0,290870000000.0,249960000000.0,230030000000.0,268930000000.0,201940000000.0,1227280000000.0,56470000000.0,213010000000.0,44530000000.0,18570000000.0,68680000000.0,1240530000000.0,62680000000.0,37930000000.0,0.25,3.3115,0.9463333333333334,1.4066666666666665,7256666.666666668,6933333.333333332,3.4333333333333336,110.95,47700.0,0.10000000000000002,0.20000000000000004,3448.615384615385,2.2666666666666666,228.11,2.0666666666666664,2.833333333333333,227.9033333333333,12.4,1.8666666666666665,18.4,-2.4666666666666663,-603333.3333333335,1.3,0.5333333333333333,0.4000000000000001,50450000000.0,435615.3846153846,-1.3666666666666665,-1666.666666666667,0.5666666666666665,0.10000000000000002,54.4,55.66666666666666,59.43333333333333,54.6,58.26666666666667,64.36666666666667,372100.0,3670000.0,9.666666666666666,15.666666666666664,0.43333333333333335,33333.333333333336,4.1033333333333335,182.0833333333333,2.8666666666666667,68.13333333333334,84.39999999999998,182.9333333333333,745.2666666666668,4062.74,1.4000000000000004,540.15,94.0,49400000000.0,97.66666666666669,33.56666666666667,16.900000000000002,3.6666666666666665,6.7333333333333325,25.03333333333333,234000.0,-0.03333333333333333,0.3,-0.375,3.106666666666667,0.7333333333333333,0.8333333333333334,5.666666666666668,13.666666666666664,0.06666666666666668,-0.6,20.4,35866666666.666664,201869.23076923078,155846.15384615384,20015.384615384617,0.8666666666666667,53.46666666666667,54.83333333333334,0.6333333333333334,-0.6666666666666666,14300000.0,0.2769230769230769,23.83333333333333,237000.0,55.56666666666666,2000000.0,361153.84615384607,-85461538461.53847,0.16666666666666666,34.46666666666667,223333.33333333328,14.933333333333332,8.366666666666667,0.5,1262.4615384615386,19166666666.666668,-49733333333.333336,48.13333333333333,-115033333333.33333,0.4666666666666666,0.2,0.5333333333333333,0.4666666666666666,0.13333333333333333,0.20000000000000004,17.733333333333334,78.43333333333334,0.13333333333333333,74.55,3.483333333333333,59566666666.66665,27.33333333333333,690666.6666666665,0.3,684666.6666666665,0.13333333333333333,10.0,4590000.0,-3.8333333333333335,67.36666666666667,0.5666666666666667,13.0,313666.66666666674,0.25,0.16666666666666666,0.4000000000000001,0.4,2.9333333333333336,0.7333333333333334,62.13333333333333,2.048,0.16666666666666666,0.3333333333333333,0.3333333333333333,0.8,2.0,-124100000000.0,0.08166666666666668,2.733333333333333
2012Q2,69420000000.0,251330000000.0,237300000000.0,226060000000.0,264120000000.0,185380000000.0,1130100000000.0,64870000000.0,290650000000.0,47860000000.0,21670000000.0,72340000000.0,1273630000000.0,57680000000.0,37320000000.0,0.392,3.0133333333333336,0.7956666666666666,1.2083333333333333,7100000.0,7106666.666666668,-0.9333333333333332,107.87333333333332,46666.66666666666,-0.21,0.16666666666666666,3279.9230769230767,2.3,229.3333333333333,1.933333333333333,2.0,229.79333333333332,-0.9,1.7,11.9,0.4,-1410000.0,-0.3666666666666665,-0.6,-1.5666666666666669,24373333333.333332,-1426769.230769231,-0.5666666666666665,-17666.666666666668,3.3000000000000003,3.066666666666667,56.53333333333334,55.9,55.53333333333334,53.33333333333334,55.73333333333333,53.1,376300.0,3706666.666666666,5.0,8.0,0.3333333333333333,14000.0,3.956666666666667,190.0,2.7999999999999994,71.03333333333333,83.86666666666667,186.26666666666665,790.5766666666667,4329.926666666666,0.6,555.4999999999999,93.8,12433333333.333334,98.1,28.66666666666667,14.233333333333334,6.8,-4.5,10.733333333333333,111000.0,0.2,0.06666666666666668,0.007692307692307699,2.76,-0.1,-0.3,4.0,1.3333333333333333,0.7999999999999999,2.033333333333333,6.1999999999999975,30933333333.333324,177823.07692307697,129184.61538461539,12923.076923076924,-0.2333333333333333,53.9,56.5,-0.26666666666666666,1.5,14190000.0,2.338461538461538,23.03333333333333,153666.66666666663,54.4,2598153.846153846,377076.9230769231,49000000000.0,0.10000000000000002,34.46666666666667,101333.33333333331,14.733333333333334,8.166666666666666,0.6,1373.4615384615386,12196666666.666666,-49300000000.0,48.16666666666666,-87900000000.0,0.16666666666666666,-0.06666666666666665,0.2333333333333333,0.4333333333333333,0.20000000000000004,0.0,8.666666666666668,78.93333333333334,0.3333333333333333,76.08333333333334,3.1333333333333333,23966666666.666668,27.66666666666667,747333.3333333335,0.2333333333333333,693000.0,-0.4,-4.633333333333334,4550000.0,-2.6666666666666665,65.36666666666667,0.9666666666666668,5.0,346666.66666666674,0.25,-0.4333333333333334,-0.9666666666666668,0.4,2.0,1.7333333333333334,53.93333333333334,1.84,0.13333333333333333,0.26666666666666666,0.2,-0.7,1.65,-137300000000.00005,0.08615384615384615,1.2999999999999998
2012Q3,52800000000.0,277990000000.0,187290000000.0,224760000000.0,244660000000.0,207390000000.0,1142820000000.0,62420000000.0,217260000000.0,45880000000.0,28700000000.0,71110000000.0,1151410000000.0,59650000000.0,40360000000.0,0.35766666666666663,2.767,0.6463333333333333,1.03,7146666.666666668,7233333.333333332,5.8,108.05666666666666,34306.666666666664,-0.3833333333333333,0.20000000000000004,3300.0769230769233,2.066666666666667,230.25333333333333,1.7000000000000002,1.6,230.29666666666665,-5.233333333333333,1.4666666666666668,8.666666666666666,0.7999999999999998,440000.0,1.7666666666666664,0.7000000000000001,0.8333333333333334,42800000000.0,-691846.1538461539,-0.7666666666666666,10333.333333333334,3.9,4.0,52.9,50.2,56.36666666666667,52.0,54.93333333333334,60.9,375916.66666666674,3613333.333333334,5.0,0.3333333333333333,0.03333333333333335,2333.333333333333,3.736666666666667,185.21,2.833333333333333,67.56666666666668,85.7,188.26666666666665,879.4966666666666,4966.45,2.2666666666666666,559.1666666666666,91.83333333333331,64033333333.333336,100.83333333333331,26.66666666666667,5.1000000000000005,-5.766666666666668,-7.401486830834377e-17,13.333333333333336,119666.66666666669,-0.2,0.26666666666666666,0.11538461538461535,1.9633333333333336,0.3666666666666667,0.5,-0.3333333333333333,1.3333333333333333,0.5666666666666668,0.9333333333333332,4.6000000000000005,41100000000.0,205500.0,146000.0,19769.23076923077,0.13333333333333333,49.7,43.5,1.0,-0.5333333333333333,14230000.0,0.1846153846153844,-30.266666666666666,180000.0,52.8,-1691230.769230769,368384.6153846154,39461538461.53846,0.13333333333333333,34.46666666666667,113000.0,14.733333333333334,8.200000000000001,0.26666666666666666,1417.1538461538462,6766666666.666667,-44533333333.333336,48.13333333333333,-106866666666.66667,0.4000000000000001,-0.8666666666666668,0.4000000000000001,0.4000000000000001,0.13333333333333333,0.2,-2.966666666666667,78.8,-0.06666666666666665,74.95,3.3000000000000003,43766666666.666664,37.333333333333336,790000.0,0.26666666666666666,752000.0,0.7000000000000001,-7.3,4553333.333333333,0.3333333333333333,65.60000000000001,0.5666666666666667,-7.333333333333332,365000.0,0.25,-1.0333333333333334,-2.4666666666666663,0.5,1.5,1.6000000000000003,52.13333333333333,1.6343333333333334,0.10000000000000002,0.3,0.3,1.9,1.6,-117400000000.0,0.10192307692307694,1.0666666666666669
2012Q4,70320000000.0,260550000000.0,223470000000.0,231620000000.0,223070000000.0,221750000000.0,1138000000000.0,62420000000.0,218070000000.0,44440000000.0,30790000000.0,72900000000.0,1141240000000.0,20990000000.0,4050000000.0,0.32875,2.94275,0.7280000000000001,1.23125,7050000.0,7293333.333333332,0.26666666666666666,108.305,48863.33333333334,-0.15333333333333335,0.16666666666666666,3249.384615384615,2.025,229.88666666666668,1.7666666666666666,2.25,229.07,1.3,1.5333333333333332,12.300000000000002,1.4666666666666668,-393333.33333333326,1.4333333333333331,-0.3333333333333333,0.7333333333333334,7075000000.0,2098153.846153846,2.4333333333333336,-23000.0,3.2000000000000006,-1.1333333333333333,52.06666666666666,51.66666666666666,57.63333333333333,52.0,55.56666666666666,60.73333333333333,380870.0,3666666.666666666,-3.25,-3.6666666666666665,0.5333333333333333,8000.0,3.7466666666666666,190.79333333333332,2.733333333333333,73.8,86.09999999999998,188.1,798.1933333333333,4388.95,2.1666666666666665,554.1999999999998,91.13333333333333,35325000000.0,100.53333333333336,23.600000000000005,6.466666666666666,-1.9,-2.7000000000000006,21.96666666666667,145000.0,0.10000000000000002,0.06666666666666668,-0.5792857142857143,2.543333333333333,-0.06666666666666665,0.06666666666666665,0.6666666666666666,4.333333333333333,0.3666666666666667,-0.4666666666666667,6.7333333333333325,2000000000.0,187015.38461538465,177692.3076923077,37300.0,0.4666666666666666,50.9,55.16666666666666,0.13333333333333322,2.4,14920000.0,-0.22499999999999995,-8.266666666666666,146000.0,54.66666666666666,452230.7692307693,372846.15384615393,5846153846.153846,0.16666666666666666,34.43333333333334,143666.66666666663,14.666666666666664,7.8,0.7333333333333334,1383.3076923076926,14560000000.0,-42666666666.666664,49.23333333333333,-72366666666.66667,0.3666666666666667,0.2333333333333333,0.3666666666666667,0.5666666666666665,0.13333333333333333,0.13333333333333333,-6.5,78.16666666666667,0.3666666666666667,80.11666666666667,3.1333333333333333,31533333333.333324,44.66666666666666,886333.3333333335,-0.03333333333333333,875666.6666666665,0.03333333333333336,1.0333333333333334,4860000.0,3.1,70.33333333333333,0.4666666666666666,2.333333333333333,378000.0,0.25,1.7,3.533333333333333,0.4,2.6,2.733333333333333,50.63333333333333,1.75675,0.06666666666666668,0.3333333333333333,0.3333333333333333,2.4,-1.0,-107500000000.0,0.09384615384615384,2.3
2013Q1,81500000000.0,275540000000.0,245780000000.0,224100000000.0,266340000000.0,205980000000.0,1275590000000.0,55280000000.0,240210000000.0,45130000000.0,30600000000.0,69740000000.0,1083570000000.0,58720000000.0,37840000000.0,0.4023333333333334,3.1660000000000004,0.8086666666666668,1.308,7586666.666666668,7760000.0,0.8333333333333331,109.84666666666664,48350.0,0.04666666666666667,0.16666666666666666,3131.0,1.933333333333333,232.54333333333332,1.4666666666666668,1.7666666666666666,231.74,5.033333333333334,1.6666666666666667,13.366666666666667,-0.20000000000000012,-1046666.6666666664,1.0666666666666669,0.20000000000000004,-0.03333333333333336,29533333333.333324,-143692.3076923077,1.2666666666666666,-7333.333333333332,7.0,1.0666666666666664,53.23333333333333,53.76666666666667,57.03333333333334,54.93333333333334,56.66666666666666,57.83333333333334,353460.0,3893333.333333334,-5.666666666666668,-1.3333333333333333,0.16666666666666666,15000.0,3.73,202.9933333333333,2.9,64.36666666666667,88.23333333333332,195.66666666666663,810.3766666666667,4386.86,4.133333333333334,568.0666666666667,89.23333333333332,54633333333.333336,105.53333333333336,29.73333333333333,9.366666666666667,-2.9,-1.1333333333333335,11.866666666666667,193333.33333333328,-0.033333333333333326,0.26666666666666666,0.4,2.4133333333333336,0.26666666666666666,0.26666666666666666,0.0,8.0,1.2,0.5,8.466666666666667,-25266666666.666668,239976.92307692303,129992.30769230767,25476.92307692308,-0.5,52.66666666666666,57.83333333333334,-0.06666666666666665,-0.06666666666666661,15366666.666666664,1.353846153846154,-13.166666666666664,201666.66666666663,55.76666666666667,1142923.076923077,350307.6923076923,-143923076923.07693,0.2333333333333333,34.46666666666667,182666.66666666663,14.2,7.8,0.5666666666666667,1330.2307692307693,15596666666.666666,-43900000000.0,45.33333333333334,-67100000000.0,0.5,0.5333333333333333,0.5666666666666668,0.4666666666666666,0.20000000000000004,0.2333333333333333,3.8333333333333335,79.16666666666666,0.3,74.89999999999998,3.3000000000000003,47400000000.0,45.66666666666666,924666.6666666664,0.16666666666666666,920333.3333333336,0.2333333333333333,-5.433333333333334,4946666.666666667,6.8,62.63333333333333,0.6,-1.0,405666.66666666674,0.25,0.9,1.7,0.5,0.13333333333333333,0.8333333333333334,54.93333333333334,1.9793333333333327,0.06666666666666668,0.03333333333333336,0.3666666666666667,-1.95,4.55,-110400000000.0,0.08653846153846154,1.4666666666666668
2013Q2,85150000000.0,275790000000.0,246460000000.0,224550000000.0,260030000000.0,202970000000.0,1140700000000.0,63050000000.0,299970000000.0,47160000000.0,33820000000.0,73170000000.0,1066660000000.0,59620000000.0,30100000000.0,0.4256666666666665,3.111,1.0796666666666666,1.5276666666666667,7480000.0,7993333.333333332,5.6000000000000005,111.54666666666668,37260.0,-0.3533333333333333,0.2,2998.615384615385,1.7666666666666666,233.17,1.3,1.3333333333333333,232.99,-6.533333333333334,1.2,8.033333333333333,2.8666666666666667,861166.6666666665,2.2,-0.4000000000000001,0.16666666666666666,-16440000000.0,318846.15384615393,1.0,-19333.33333333333,7.3000000000000025,-5.25,50.23333333333333,52.53333333333333,55.56666666666666,53.1,55.16666666666666,53.7,347803.33333333326,3843333.333333334,-2.6666666666666665,-4.0,0.13333333333333333,-333.3333333333333,3.9333333333333336,212.9,2.9,71.89999999999998,93.9,200.06666666666663,758.7666666666668,3966.62,1.25,576.7666666666665,92.0,22800000000.0,108.43333333333334,30.95000000000001,13.633333333333335,-5.050000000000002,3.266666666666667,13.433333333333332,149666.66666666663,0.16666666666666666,0.16666666666666666,-0.6153846153846155,2.8199999999999994,0.06666666666666668,0.03333333333333335,3.333333333333333,3.6666666666666665,1.2,1.95,7.366666666666667,-62000000000.0,244807.6923076923,82946.15384615384,8653.846153846154,-0.033333333333333326,50.33333333333334,51.33333333333334,0.0,2.833333333333333,15156666.666666664,-1.8769230769230767,-5.7333333333333325,137333.33333333337,53.73333333333333,632461.5384615385,346384.6153846154,57846153846.15385,0.06666666666666668,34.5,142666.66666666663,14.0,7.566666666666666,0.10000000000000002,1395.7692307692307,12403333333.333334,-40696666666.666664,46.76666666666667,-44366666666.666664,-0.06666666666666668,-0.5333333333333333,0.09999999999999998,0.13333333333333333,0.13333333333333333,-0.1666666666666667,3.1533333333333333,77.96666666666667,-0.033333333333333326,80.61666666666666,3.083333333333333,-22866666666.666668,46.0,964333.3333333336,0.13333333333333333,934333.3333333336,-0.2666666666666666,2.8666666666666667,5023333.333333333,10.766666666666667,75.23333333333333,0.9,0.0,449000.0,0.25,0.20000000000000004,0.3999999999999999,0.3,2.2333333333333334,1.2333333333333334,53.1,1.938,0.03333333333333333,0.2333333333333333,0.1,0.6,-1.9,-106100000000.0,0.05115384615384616,1.1333333333333335
2013Q3,79560000000.0,254080000000.0,218560000000.0,215060000000.0,246460000000.0,208300000000.0,1168300000000.0,65530000000.0,226860000000.0,43940000000.0,37560000000.0,74720000000.0,1123720000000.0,64490000000.0,30000000000.0,0.7543333333333333,3.7106666666666666,1.49,2.1016666666666666,7673333.333333332,7963333.333333332,-2.8666666666666667,112.46,42533.333333333336,-0.04666666666666667,0.20000000000000004,2952.230769230769,1.7,234.25,1.3,1.7666666666666666,233.8766666666667,7.400000000000001,1.5333333333333332,11.466666666666667,-1.0,590000.0,2.333333333333333,-0.09999999999999998,0.2,1466666666.6666667,-703538.4615384615,-0.8999999999999999,9000.0,7.933333333333334,-1.0333333333333334,54.36666666666667,60.06666666666666,57.6,54.4,57.4,55.83333333333334,334286.66666666674,3815000.0,5.333333333333333,12.0,0.2,5666.666666666668,4.656666666666667,191.75,2.9,71.3,96.9,203.7333333333333,466.08,2045.993333333333,0.9333333333333336,585.8,93.86666666666667,31366666666.666668,104.66666666666669,47.33333333333334,23.76666666666667,7.166666666666668,12.533333333333333,21.233333333333334,171666.66666666663,-0.16666666666666666,0.20000000000000004,0.2923076923076923,3.5846153846153848,0.26666666666666666,0.3333333333333333,2.0,7.666666666666668,1.0,2.1333333333333333,14.966666666666667,-11750000000.0,336046.15384615393,49269.23076923077,10853.846153846154,0.16666666666666666,54.0,51.83333333333334,0.4000000000000001,-1.1,15906666.666666664,-2.3307692307692305,21.2,188000.0,55.6,-2759923.076923077,327307.6923076923,65615384615.38461,0.16666666666666666,34.46666666666667,175333.33333333337,13.699999999999998,7.433333333333334,-0.2,1383.0,14613333333.333334,-39466666666.666664,46.06666666666666,-43000000000.0,0.2,0.0,0.26666666666666666,0.16666666666666666,0.16666666666666666,0.26666666666666666,7.996666666666667,77.73333333333333,0.2333333333333333,80.9,3.1666666666666665,-21000000000.0,58.0,924000.0,0.10000000000000002,874333.3333333335,0.3666666666666667,17.133333333333336,5316666.666666667,12.233333333333333,80.5,0.7999999999999999,1.0,437333.33333333326,0.25,-0.2333333333333333,-1.0,0.5,2.2333333333333334,0.7000000000000001,53.66666666666666,2.7453333333333334,0.16666666666666666,0.26666666666666666,0.3,1.6,0.7,-98900000000.0,0.03392857142857143,2.0
2013Q4,78720000000.0,261760000000.0,218210000000.0,216980000000.0,244140000000.0,210990000000.0,1156880000000.0,60800000000.0,224700000000.0,20940000000.0,38720000000.0,76390000000.0,1108600000000.0,18870000000.0,15310000000.0,0.6616666666666667,3.822666666666666,1.413333333333333,2.1203333333333334,7790000.0,7936666.666666668,2.1500000000000004,114.54666666666668,40965.0,0.18666666666666668,0.15000000000000002,2860.0,1.7,233.92666666666665,1.4,1.1333333333333335,232.0733333333333,2.8666666666666667,1.4,10.733333333333334,1.1333333333333335,-1022428.5714285716,-2.7,-0.16666666666666666,-0.4,18900000000.0,279769.23076923075,0.6000000000000001,7333.333333333332,7.675,19.95,53.96666666666667,56.46666666666666,58.26666666666667,54.5,56.93333333333334,55.53333333333333,341153.33333333326,3840000.0,3.333333333333333,6.666666666666668,0.4666666666666666,21333.33333333333,4.398888888888888,187.16666666666663,2.8666666666666667,63.6,91.43333333333334,201.26666666666665,560.9566666666666,2759.833333333333,4.625,600.4333333333334,92.66666666666669,28400000000.0,101.56666666666666,43.5,20.733333333333327,5.45,11.3,21.233333333333334,178000.0,0.275,0.275,-0.9357142857142856,3.505333333333333,0.26666666666666666,0.4,4.666666666666667,6.0,0.9666666666666668,0.6000000000000001,8.666666666666666,25925000000.0,317723.07692307694,55661.53846153847,12630.769230769229,0.3666666666666667,56.63333333333333,54.83333333333334,0.2333333333333333,-2.0,15640000.0,-2.1538461538461537,-1.9,170333.33333333337,54.56666666666666,716461.5384615384,340538.4615384616,-24230769230.76923,0.13333333333333333,34.46666666666667,185000.0,13.733333333333333,7.166666666666668,0.7666666666666666,1381.8461538461538,15186666666.666666,-40406666666.666664,40.96666666666667,-50566666666.666664,0.3333333333333333,-0.3666666666666665,0.3333333333333333,0.5333333333333333,0.13333333333333333,0.03333333333333333,0.09666666666666668,78.46666666666665,0.5333333333333333,76.75,2.983333333333333,17333333333.333332,55.66666666666666,1003666.6666666664,0.13333333333333333,1091000.0,-0.13333333333333333,11.1,5103333.333333333,13.233333333333334,73.23333333333333,0.3666666666666667,9.0,420666.66666666674,0.25,0.3333333333333333,1.7333333333333334,0.4,3.5,1.9666666666666668,62.66666666666666,2.7436666666666665,0.10000000000000002,0.20000000000000004,0.3333333333333333,2.45,-1.0,-94800000000.0,0.0673076923076923,0.4333333333333333
2014Q1,89960000000.0,253410000000.0,237970000000.0,216220000000.0,254160000000.0,196410000000.0,1297060000000.0,55170000000.0,232220000000.0,43620000000.0,40470000000.0,73480000000.0,1063250000000.0,49680000000.0,26900000000.0,0.7719999999999999,3.739666666666667,1.6056666666666668,2.184333333333333,7456666.666666668,8383333.333333332,-0.2333333333333334,116.39,39166.66666666666,-0.03,0.2333333333333333,2931.615384615385,1.6333333333333335,236.29333333333332,1.2333333333333334,1.4,234.99666666666667,3.0,1.4,17.133333333333333,0.6,-131076.92307692303,-1.5,0.6666666666666666,0.3333333333333333,4620000000.0,-205692.3076923077,-0.30000000000000004,-666.6666666666666,7.566666666666667,-8.666666666666666,53.83333333333334,55.1,55.5,53.23333333333333,50.53333333333333,55.3,335769.23076923075,3986666.666666666,6.333333333333332,7.0,0.3666666666666667,15000.0,4.539166666666667,173.59666666666664,2.9,70.10000000000001,95.53333333333336,209.2,378.3999999999999,1558.0733333333335,-0.2333333333333334,621.3666666666667,93.13333333333333,-17733333333.333332,96.4,36.66666666666666,22.9,5.5,5.8,17.3,130333.33333333331,-0.13333333333333333,0.2333333333333333,-0.6833333333333332,3.0,0.3,0.3666666666666667,0.6666666666666666,2.333333333333333,0.8333333333333334,-0.10000000000000002,12.9,-31366666666.666668,376015.3846153846,80492.30769230769,18838.46153846154,0.4000000000000001,53.83333333333334,58.0,-0.1333333333333333,-3.1333333333333333,15326666.666666664,0.6166666666666667,-6.2333333333333325,184000.0,52.86666666666667,1145923.076923077,330153.84615384607,-167230769230.76926,0.2333333333333333,34.333333333333336,120666.66666666669,12.633333333333333,6.666666666666668,0.4666666666666666,1428.8461538461538,14926666666.666666,-37350000000.0,45.06666666666666,-50233333333.333336,0.3333333333333333,0.3333333333333333,0.033333333333333326,0.43333333333333335,0.10000000000000002,0.16666666666666666,7.533333333333334,78.83333333333333,0.2,80.71666666666665,3.166666666666666,-22633333333.333332,49.66666666666666,980333.3333333336,0.1,928666.6666666664,0.1666666666666667,4.033333333333334,4696666.666666667,13.433333333333332,80.36666666666667,0.4666666666666666,-0.3333333333333333,440666.66666666674,0.25,-0.1,-1.0333333333333332,0.5,2.733333333333333,1.5,58.43333333333334,2.8443333333333336,0.10000000000000002,0.2,0.3666666666666667,2.5,-0.8500000000000001,-81100000000.0,0.0503846153846154,1.1
2014Q2,86080000000.0,267410000000.0,230400000000.0,220680000000.0,246750000000.0,128310000000.0,1149600000000.0,62560000000.0,329610000000.0,27290000000.0,39370000000.0,80510000000.0,1112080000000.0,51330000000.0,28880000000.0,0.9176666666666669,3.4696666666666665,1.6383333333333334,2.159666666666667,7780000.0,8730000.0,-0.2666666666666669,118.03333333333332,42566.66666666666,0.03,0.26666666666666666,2675.923076923077,1.8333333333333333,237.5833333333333,1.4666666666666668,1.8666666666666665,237.77,10.366666666666667,2.3000000000000003,18.7,0.16666666666666666,628076.9230769231,2.0,-0.4666666666666666,0.6,34900000000.0,-170846.15384615384,0.5666666666666668,9666.666666666666,6.433333333333334,3.1666666666666665,52.86666666666667,58.0,60.20000000000001,52.43333333333334,57.36666666666667,60.16666666666666,316769.23076923075,4213333.333333333,7.666666666666668,9.333333333333334,0.3666666666666667,15333.333333333336,4.409230769230769,179.16333333333333,2.8666666666666667,73.43333333333331,96.23333333333332,211.26666666666665,356.3933333333334,1368.9533333333334,3.5000000000000004,628.1999999999998,95.06666666666668,59466666666.66665,100.8,38.66666666666666,24.96666666666667,8.866666666666667,14.333333333333336,24.33333333333333,227000.0,-0.03333333333333333,0.09999999999999998,-0.3384615384615385,3.43076923076923,0.3666666666666667,0.5,4.333333333333333,6.0,-0.13333333333333333,0.6666666666666666,15.333333333333336,12233333333.333334,412961.53846153844,85692.30769230769,11746.153846153846,0.16666666666666666,54.66666666666666,58.5,1.1333333333333335,3.2999999999999994,16403333.333333336,-0.16153846153846138,7.0,196666.66666666663,54.86666666666667,432230.7692307693,315230.76923076925,71769230769.23077,0.06666666666666668,34.5,232333.33333333328,12.133333333333333,6.433333333333334,0.9,1530.0,20290000000.0,-43306666666.666664,47.16666666666666,-20000000000.0,0.26666666666666666,0.09999999999999998,0.5000000000000001,0.4666666666666666,0.2333333333333333,0.3,13.193333333333333,78.96666666666667,0.2333333333333333,82.35,3.1500000000000004,21833333333.333332,47.0,1020333.3333333336,0.3333333333333333,1006333.3333333336,0.30000000000000004,16.599999999999998,4710000.0,12.033333333333333,83.5,0.4333333333333333,5.666666666666668,440333.33333333326,0.25,0.6666666666666666,0.8000000000000002,0.5,1.5,1.6200000000000003,63.7,2.66,0.20000000000000004,0.4000000000000001,0.3333333333333333,-0.02500000000000013,2.6,-104850000000.0,0.030000000000000006,1.8333333333333333
2014Q3,89070000000.0,262880000000.0,230140000000.0,222360000000.0,238480000000.0,187710000000.0,1201250000000.0,64910000000.0,253100000000.0,25940000000.0,42910000000.0,87010000000.0,1071300000000.0,49040000000.0,28700000000.0,0.9940000000000001,3.2776666666666667,1.7219999999999998,2.1766666666666663,8246666.666666668,8920000.0,-0.05000000000000026,120.725,37200.0,0.1925,0.125,2509.0,1.8,238.44666666666663,1.5,1.875,238.04333333333332,10.2,1.3666666666666665,25.55,1.466666666666666,617615.3846153846,1.4,-0.2333333333333333,0.02000000000000001,15440000000.0,-357923.0769230769,-0.04999999999999999,5000.0,4.819999999999999,-0.4250000000000009,55.925,62.95,62.2,56.5,62.72500000000001,58.75,302250.0,4710600.0,6.0,8.0,0.3666666666666667,14000.0,4.317692307692308,169.46666666666667,2.8,71.89999999999998,98.55,213.35,345.8633333333333,1347.0,1.925,645.625,95.525,-8280000000.0,105.2,60.16666666666666,20.95,14.166666666666664,23.45,29.65,207500.0,0.15000000000000002,0.07499999999999997,-0.2,4.171428571428572,0.16666666666666666,0.2333333333333333,7.0,16.5,-0.125,0.5800000000000001,25.25,23940000000.0,347300.0,120946.15384615384,30438.46153846154,-0.22,57.0,58.75,0.08000000000000007,0.375,16996666.666666668,-0.13846153846153852,-5.5,229000.0,58.225,-2314769.230769231,299461.53846153844,89153846153.84616,0.1,34.525,221750.0,12.0,6.075000000000001,0.38,1576.8461538461538,18462000000.0,-41922000000.0,45.1,-11750000000.0,0.14999999999999994,-0.375,0.125,0.36,0.07500000000000001,0.075,22.61,79.1,0.375,82.33333333333333,3.2,39700000000.0,55.66666666666666,1007750.0,0.125,989750.0,0.1,24.8,5102500.0,6.92,89.76666666666668,0.28,11.0,447250.0,0.25,0.125,0.9500000000000004,0.7,4.133333333333334,1.6,59.13333333333333,2.5236666666666667,0.1,0.275,0.15000000000000002,2.15,-0.35,-100300000000.0,0.02384615384615385,1.75
2014Q4,77640000000.0,246390000000.0,210580000000.0,224460000000.0,228900000000.0,184950000000.0,1190010000000.0,62580000000.0,249870000000.0,12370000000.0,39510000000.0,87700000000.0,872760000000.0,43070000000.0,23980000000.0,1.0193333333333332,3.0046666666666666,1.6336666666666666,2.034333333333333,7963333.333333332,8530000.0,-0.20000000000000012,123.165,43550.0,0.435,0.15000000000000002,2378.142857142857,1.75,238.04333333333332,1.4333333333333331,1.5,235.54333333333332,8.366666666666667,1.5,19.1,-1.4666666666666668,-205285.7142857143,-2.3,-0.5333333333333333,-1.4,500000000.0,1337428.5714285714,-0.65,2250.0,4.5,-2.2,55.2,64.17500000000001,60.65000000000001,58.15000000000001,60.25,53.25,289392.85714285716,4834000.0,6.333333333333332,1.75,0.5,15250.0,4.155384615384615,168.90714285714284,2.76,80.52857142857142,102.23333333333332,211.25,369.8714285714286,1534.3107142857143,-0.4500000000000001,660.3,97.1,178400000000.0,101.76666666666664,54.7,19.725,13.9,20.0,18.950000000000006,261500.0,0.65,0.45,-0.5230769230769231,4.384615384615384,0.6333333333333334,0.5666666666666667,10.0,14.75,0.75,-0.1,15.275,-14900000000.0,274000.0,87361.53846153848,14107.692307692307,1.1,58.85,49.0,-0.7,-0.15000000000000002,16696666.666666664,0.6846153846153844,-11.066666666666665,219000.0,58.2,1961214.2857142857,288428.5714285714,16571428571.428572,0.25,34.6,267500.0,12.0,5.8,0.4,1570.3846153846155,13230000000.0,-43400000000.0,46.66666666666666,-89250000000.0,0.4,-1.4,0.5,0.2,0.15000000000000002,-0.15,4.249999999999999,79.5,0.6,89.81666666666668,2.7999999999999994,-1400000000.0,56.33333333333334,1057500.0,0.2,1018500.0,0.0,28.66666666666667,5095000.0,4.5,91.93333333333332,0.6,10.333333333333334,448000.0,0.25,-0.65,-0.14999999999999994,0.7,1.9500000000000002,1.3,61.76666666666667,2.3200000000000003,0.1,0.30000000000000004,0.4,-0.17500000000000027,2.7499999999999996,-106800000000.0,0.02576923076923077,1.45
2015Q1,99070000000.0,259540000000.0,227640000000.0,222550000000.0,234260000000.0,169300000000.0,1315650000000.0,58040000000.0,252070000000.0,24780000000.0,35970000000.0,70500000000.0,676180000000.0,30890000000.0,14840000000.0,1.0266666666666666,2.557,1.3849999999999998,1.7386666666666668,7385000.0,9186666.666666666,-1.1333333333333335,127.81,46733.33333333334,-0.13333333333333333,0.20000000000000004,2413.0,1.7,240.3033333333333,1.3333333333333333,-0.06666666666666668,234.85,-11.0,1.2333333333333334,12.133333333333333,1.5333333333333332,10666.666666666666,0.7999999999999998,-0.6666666666666666,-0.3333333333333333,-17166666666.666666,361500.0,-0.4333333333333333,-2000.0,5.233333333333333,-5.666666666666668,51.83333333333334,52.4,59.46666666666667,54.86666666666667,58.0,49.2,296875.0,5041666.666666667,0.0,0.3333333333333333,0.03333333333333333,9666.666666666666,3.911666666666666,177.19166666666663,2.766666666666667,87.85000000000002,105.93333333333334,220.16666666666663,459.11666666666673,2102.108333333333,-1.2666666666666668,675.4333333333334,97.03333333333336,-2833333333.333333,106.56666666666668,37.53333333333333,16.833333333333332,1.8,5.933333333333334,3.8333333333333335,228000.0,0.3,0.16666666666666666,-0.5769230769230769,3.06923076923077,0.13333333333333333,0.16666666666666666,-1.3333333333333333,14.666666666666664,0.9333333333333332,0.4666666666666666,-1.9,-16100000000.0,266053.84615384607,124838.46153846152,37792.307692307695,-0.6000000000000001,52.63333333333333,36.333333333333336,0.7000000000000001,1.9666666666666668,16603333.333333336,4.266666666666667,15.033333333333333,204666.66666666663,56.7,6768583.333333332,295166.66666666674,-145083333333.33334,0.3,34.56666666666667,226000.0,11.066666666666668,5.566666666666666,0.2333333333333333,1110.4615384615388,15866666666.666666,-42870000000.0,49.36666666666667,-87666666666.66667,-0.2,-0.8999999999999999,-0.16666666666666666,0.13333333333333333,0.20000000000000004,-0.09999999999999998,8.21,78.9,-0.09999999999999998,94.91666666666669,2.75,66666666.66666666,55.0,1061333.333333333,-0.13333333333333333,962666.6666666664,-0.3666666666666667,5.5,4963333.333333333,4.866666666666666,100.2,0.43333333333333335,-0.6666666666666666,500333.33333333326,0.25,-0.10000000000000002,1.8,0.7,-0.2333333333333333,-0.06666666666666668,50.5,2.023,0.10000000000000002,0.2333333333333333,0.10000000000000002,-2.5,5.85,-113300000000.0,0.022692307692307696,-0.4666666666666666
2015Q2,97430000000.0,256420000000.0,225210000000.0,222740000000.0,246000000000.0,177900000000.0,1148260000000.0,66130000000.0,330510000000.0,26160000000.0,34630000000.0,59190000000.0,741130000000.0,34690000000.0,14900000000.0,0.9966666666666668,2.926333333333333,1.55,1.9426666666666668,7723333.333333332,9396666.666666666,9.766666666666666,128.15666666666667,49133.33333333334,-0.08,0.2333333333333333,2253.4615384615386,1.7666666666666666,241.78666666666663,1.2333333333333334,-0.03333333333333333,237.6833333333333,-14.6,2.1,10.533333333333333,0.6333333333333332,736846.1538461539,1.6666666666666667,-0.1,0.2,43200000000.0,-1145538.4615384615,0.7666666666666666,9333.333333333334,5.533333333333334,6.3,51.83333333333334,55.1,60.86666666666667,54.9,58.46666666666666,53.0,277826.92307692306,5329333.333333333,-9.666666666666666,-12.0,-0.06666666666666668,4000.0,3.9953846153846153,202.64615384615388,2.6833333333333336,86.18333333333334,105.25,222.63333333333333,419.20000000000016,1662.4230769230774,0.7333333333333334,685.2000000000003,96.43333333333332,37100000000.0,111.76666666666668,36.36666666666667,13.566666666666668,7.333333333333332,6.633333333333333,-1.5,232666.66666666663,-0.13333333333333333,0.2,-0.3923076923076923,1.623076923076923,0.2,0.2333333333333333,-2.333333333333333,11.333333333333336,-9.251858538542968e-18,1.0666666666666669,1.3999999999999997,67100000000.0,312000.0,93007.69230769233,32823.07692307692,1.0333333333333334,52.6,46.5,0.1333333333333334,0.8333333333333334,17146666.666666668,-0.8923076923076925,12.233333333333333,202333.33333333328,56.5,-283461.53846153844,275230.76923076925,79153846153.84616,0.13333333333333333,34.5,242000.0,10.666666666666666,5.4,0.7000000000000001,680.5384615384615,19123333333.333332,-42196666666.666664,49.7,42133333333.333336,0.3333333333333333,0.3,0.3,0.5,0.20000000000000004,0.26666666666666666,-0.02666666666666669,78.23333333333333,-0.06666666666666668,93.63333333333333,2.7,83333333333.33333,56.33333333333334,1253666.666666667,0.06666666666666668,1115000.0,0.16666666666666666,9.8,5293333.333333333,4.933333333333334,97.33333333333331,0.3,1.3333333333333333,515000.0,0.25,0.6,0.3666666666666667,0.2,3.3000000000000003,1.3666666666666665,49.3,2.2076666666666664,0.10000000000000002,0.43333333333333335,0.3666666666666667,2.3,-0.45,-109700000000.0,0.016538461538461544,-1.0333333333333334
2015Q3,77670000000.0,245950000000.0,216330000000.0,228630000000.0,234880000000.0,165270000000.0,1202290000000.0,66990000000.0,255390000000.0,61200000000.0,37070000000.0,55820000000.0,673440000000.0,31160000000.0,13840000000.0,1.0003333333333333,2.9813333333333336,1.518333333333333,1.9213333333333331,7770000.0,10030000.0,-5.933333333333334,128.60666666666665,68600.0,-0.14666666666666664,0.2333333333333333,2256.076923076923,1.8333333333333333,242.8033333333333,1.2666666666666666,0.13333333333333333,238.30666666666667,-9.966666666666667,1.5666666666666669,13.733333333333334,-0.6666666666666666,1155714.2857142857,0.6333333333333334,-0.7666666666666666,-0.6666666666666666,-15433333333.333334,251142.8571428572,0.5666666666666667,20666.666666666668,5.8,1.2333333333333334,51.46666666666667,52.76666666666667,63.0,57.96666666666666,61.29999999999999,50.96666666666667,274153.84615384607,5551000.0,-8.0,-6.666666666666668,0.06666666666666668,-3666.666666666666,4.143571428571429,201.77857142857144,2.733333333333333,81.85,104.48333333333332,225.3,405.2642857142857,1559.6714285714286,-0.13333333333333286,699.1,95.8,-14133333333.333334,109.03333333333336,42.86666666666667,17.766666666666666,5.033333333333332,7.433333333333333,8.966666666666667,156000.0,0.30000000000000004,0.26666666666666666,-0.3615384615384615,1.4307692307692306,0.2,0.2333333333333333,3.0,24.0,0.16666666666666666,0.4,4.533333333333333,6266666666.666667,248884.61538461532,48115.38461538462,12846.153846153846,0.6666666666666666,51.33333333333334,40.333333333333336,-0.7666666666666666,-1.0666666666666669,17506666.666666668,0.9142857142857144,57.00000000000001,191666.66666666663,58.73333333333333,-362071.4285714286,273923.07692307694,71692307692.3077,0.16666666666666666,34.56666666666667,176666.66666666663,10.233333333333334,5.166666666666666,0.16666666666666666,656.6153846153846,21346666666.666668,-43666666666.666664,45.66666666666666,-40866666666.666664,0.06666666666666668,-0.9333333333333336,0.3,0.13333333333333333,0.13333333333333333,-0.06666666666666668,-8.576666666666666,77.7,-1.8503717077085935e-17,90.68333333333332,2.8166666666666664,20566666666.666668,61.0,1130666.666666667,0.1,1179333.333333333,-0.1,2.6666666666666665,5483333.333333333,5.2,98.46666666666664,0.5666666666666667,2.6666666666666665,509000.0,0.25,0.06666666666666665,-0.4,0.6,1.8666666666666665,1.5333333333333332,52.6,2.1916666666666664,0.10000000000000002,0.26666666666666666,0.26666666666666666,1.9,1.6,-124100000000.0,0.054615384615384614,-0.9
2015Q4,77380000000.0,248150000000.0,213570000000.0,226410000000.0,220000000000.0,169150000000.0,1174080000000.0,63180000000.0,250750000000.0,71240000000.0,36360000000.0,50820000000.0,401730000000.0,28060000000.0,2770000000.0,1.1403333333333332,2.9873333333333334,1.6233333333333333,2.0196666666666663,7910000.0,9790000.0,4.4,128.84,38033.333333333336,-0.12999999999999998,0.20000000000000004,2187.214285714286,1.8333333333333333,242.39333333333332,1.3,0.5,236.66333333333333,-12.566666666666668,1.2000000000000002,11.033333333333333,-0.5,115538.46153846152,-3.8333333333333335,-0.6666666666666666,-0.8999999999999999,-27400000000.0,-45384.61538461538,0.10000000000000002,9666.666666666666,5.599999999999999,1.3,51.9,53.03333333333333,59.46666666666667,56.73333333333333,59.46666666666667,49.63333333333333,268428.5714285714,5127666.666666667,-3.0,-0.3333333333333333,0.2333333333333333,5333.333333333333,4.076666666666667,210.75,2.5666666666666664,83.0,105.53333333333336,221.0,430.0333333333333,1693.3916666666669,8.866666666666667,696.5666666666666,97.09999999999998,-37400000000.0,105.1,34.36666666666667,14.666666666666664,1.6666666666666667,-7.933333333333334,-4.933333333333334,235000.0,0.06666666666666668,0.10000000000000002,-0.02307692307692306,1.7076923076923076,0.13333333333333333,0.16666666666666666,-2.0,5.666666666666668,0.7999999999999999,0.0,4.166666666666667,12466666666.666666,230592.3076923077,68784.61538461539,35353.84615384616,0.3666666666666667,51.4,37.66666666666666,-0.8666666666666666,-1.4666666666666668,18200000.0,1.1916666666666669,26.0,213333.33333333328,57.06666666666666,2268076.923076923,269500.0,22071428571.42857,0.13333333333333336,34.53333333333333,244666.66666666663,10.3,5.2,0.26666666666666666,566.7857142857142,14936666666.666666,-43150000000.0,46.66666666666666,-66333333333.333336,-0.1333333333333333,-1.1333333333333333,-0.2,0.10000000000000002,0.13333333333333333,-0.06666666666666668,-8.896666666666668,78.06666666666666,-0.3,91.81666666666666,2.6333333333333333,17433333333.333332,62.33333333333334,1157000.0,0.1,1107333.333333333,-0.13333333333333333,-2.833333333333333,5053333.333333333,4.766666666666667,94.83333333333331,0.7000000000000001,0.6666666666666666,488666.66666666674,0.375,-0.13333333333333333,-0.1333333333333333,0.6,2.333333333333333,0.4666666666666667,49.26666666666667,2.201,0.03333333333333333,0.3333333333333333,0.03333333333333335,-2.0,3.4,-113500000000.0,0.1423076923076923,-0.5333333333333333
2016Q1,77920000000.0,254110000000.0,204950000000.0,235000000000.0,233130000000.0,157550000000.0,1296670000000.0,60660000000.0,261650000000.0,65700000000.0,31950000000.0,41980000000.0,487070000000.0,21230000000.0,6120000000.0,1.019,2.708333333333333,1.3333333333333333,1.6443333333333332,7406666.666666668,9990000.0,-3.6666666666666665,128.5,61633.33333333334,-0.15,0.20000000000000004,2235.230769230769,2.2333333333333334,245.75333333333333,1.6666666666666667,1.1,237.38666666666663,-26.66666666666667,1.8666666666666665,8.700000000000001,0.5333333333333333,621153.8461538461,-0.5333333333333332,-0.4000000000000001,-0.06666666666666665,-5633333333.333333,1626153.8461538462,0.6999999999999998,8333.333333333334,5.9,-2.466666666666667,47.5,53.76666666666667,57.16666666666666,50.70000000000001,56.23333333333333,47.0,274038.4615384616,5543500.0,-9.0,-10.0,0.13333333333333333,-5333.333333333333,3.9546153846153835,222.12307692307687,2.6166666666666667,82.13333333333334,105.88333333333334,231.7333333333333,466.5769230769232,1873.5,-2.9,720.2333333333332,93.13333333333333,17866666666.666668,108.53333333333336,21.73333333333333,8.4,-2.6666666666666665,3.0,-1.4,194333.33333333328,0.13333333333333333,0.20000000000000004,-0.2692307692307692,1.1307692307692307,0.2333333333333333,0.26666666666666666,3.333333333333333,5.666666666666668,0.7999999999999999,0.3666666666666667,-11.133333333333333,27566666666.666668,208738.4615384616,100169.23076923077,44630.76923076923,0.43333333333333335,49.83333333333334,41.16666666666666,0.3333333333333334,0.7999999999999999,17486666.666666668,1.9923076923076928,16.875,206333.33333333328,53.8,3648076.923076923,274076.92307692306,-98692307692.3077,0.2333333333333333,34.46666666666667,202666.66666666663,9.8,4.933333333333334,-0.03333333333333333,441.25,19143333333.333332,-44393333333.333336,47.29999999999999,-81933333333.33333,0.06666666666666668,-0.4000000000000001,-0.06666666666666668,0.13333333333333333,0.2333333333333333,-0.03333333333333333,-11.796666666666667,76.2,-0.06666666666666665,91.45,2.5500000000000003,46033333333.333336,58.66666666666666,1151666.666666667,0.10000000000000002,1122000.0,-0.06666666666666668,2.0333333333333337,5293333.333333333,5.5,95.5,0.5333333333333333,6.666666666666668,505666.66666666674,0.5,0.20000000000000004,0.9666666666666668,0.6,0.8000000000000002,0.625,52.26666666666667,1.905,0.16666666666666666,0.3666666666666667,0.2333333333333333,-0.8,4.3,-124700000000.0,0.2961538461538461,-0.10000000000000002
2016Q2,89090000000.0,268460000000.0,206680000000.0,235750000000.0,237420000000.0,161020000000.0,1159040000000.0,65210000000.0,346040000000.0,67930000000.0,31440000000.0,38350000000.0,576940000000.0,25310000000.0,7610000000.0,0.8983333333333334,2.562,1.341,1.5943333333333332,7030000.0,10196666.666666666,1.933333333333333,127.74,44600.0,-0.08333333333333333,0.26666666666666666,2147.076923076923,2.2,247.04666666666665,1.6000000000000003,1.0333333333333334,240.18,-17.666666666666668,1.8,10.666666666666666,-0.3666666666666665,-820923.0769230769,1.5333333333333332,0.8000000000000002,0.3333333333333333,-41933333333.333336,-274000.0,-0.43333333333333335,8000.0,5.7,3.7,49.6,56.16666666666666,57.8,51.8,58.0,54.83333333333334,267538.4615384616,5637333.333333332,-2.333333333333333,-2.333333333333333,0.1,2666.6666666666665,3.823076923076924,233.54615384615383,2.45,82.53333333333335,108.85,234.30000000000004,501.3846153846153,2043.5846153846155,4.7,719.4333333333334,93.96666666666664,-44466666666.666664,112.7,36.03333333333335,14.466666666666667,-10.9,-1.6333333333333335,17.3,153666.66666666663,0.03333333333333333,0.4,-0.2818181818181818,0.6818181818181818,0.6,0.5333333333333333,1.0,8.666666666666666,0.10000000000000002,0.9333333333333332,-6.166666666666668,-34866666666.666664,321853.84615384607,233800.0,68223.07692307692,-1.0666666666666669,51.76666666666667,61.0,-0.20000000000000004,0.5333333333333331,17146666.666666668,0.8230769230769232,-10.35,167000.0,55.03333333333333,-635461.5384615385,267153.84615384607,51692307692.307686,0.2,34.43333333333334,161666.66666666663,9.666666666666666,4.866666666666666,0.3333333333333333,334.0,14766666666.666666,-41016666666.666664,47.73333333333333,19666666666.666668,0.6333333333333334,0.6333333333333333,0.7999999999999999,0.16666666666666666,0.20000000000000004,0.26666666666666666,2.1833333333333336,75.23333333333333,0.3,92.83333333333331,2.5333333333333337,-14033333333.333334,58.66666666666666,1135666.666666667,0.26666666666666666,1175000.0,0.3666666666666667,0.4333333333333333,5516666.666666667,5.233333333333333,94.93333333333334,0.20000000000000004,2.0,587333.3333333335,0.5,-0.13333333333333333,-0.9333333333333336,0.6,1.2333333333333332,2.2666666666666666,52.16666666666666,1.7256666666666665,0.16666666666666666,0.26666666666666666,0.6,-0.55,3.15,-119900000000.0,0.265,0.06666666666666668
2016Q3,89090000000.0,271400000000.0,209340000000.0,238630000000.0,240440000000.0,165180000000.0,1208540000000.0,69050000000.0,265650000000.0,62670000000.0,33300000000.0,38330000000.0,586770000000.0,26480000000.0,8610000000.0,0.8540000000000001,2.307,1.1446666666666665,1.3840000000000001,6876666.666666668,10503333.333333334,1.933333333333333,128.27,40600.0,-0.14,0.20000000000000004,2136.4615384615386,2.2333333333333334,248.22000000000003,1.6666666666666667,1.1333333333333335,240.9766666666667,-3.733333333333333,1.4333333333333336,9.933333333333334,1.1666666666666667,966461.5384615384,-0.3000000000000001,-0.10000000000000003,0.26666666666666666,-38166666666.666664,-908846.1538461541,0.3333333333333334,17333.333333333332,6.099999999999999,-4.233333333333333,49.13333333333333,53.7,57.13333333333333,53.1,57.23333333333333,52.56666666666666,260750.0,5600000.0,-1.3333333333333333,-2.333333333333333,0.1,-6000.0,3.6623076923076923,223.40000000000003,2.566666666666667,79.61666666666666,106.41666666666669,237.7333333333333,557.8153846153846,2487.169230769231,2.6333333333333333,720.2333333333332,94.36666666666667,20500000000.0,109.93333333333334,39.0,14.3,-8.966666666666667,2.0,16.733333333333334,170000.0,0.13333333333333333,0.16666666666666666,-0.41538461538461535,0.44615384615384623,0.0,0.033333333333333326,-3.6666666666666665,7.0,0.20000000000000004,0.3666666666666667,-0.5333333333333332,23200000000.0,297085.71428571426,289792.85714285716,87278.57142857142,-0.3666666666666667,51.16666666666666,53.66666666666666,0.7999999999999999,0.1333333333333334,17173333.333333332,0.4846153846153847,-31.0,170000.0,54.66666666666666,-1835153.8461538462,259461.53846153853,35384615384.61539,0.20000000000000004,34.4,187333.33333333328,9.7,4.933333333333334,-0.03333333333333333,390.21428571428567,20956666666.666668,-38880000000.0,46.86666666666667,-62333333333.333336,0.033333333333333326,0.0,0.1,0.10000000000000002,0.16666666666666666,0.16666666666666666,-1.8833333333333333,75.60000000000002,0.1333333333333333,90.11666666666667,2.5333333333333337,42000000000.0,61.33333333333334,1172000.0,9.251858538542968e-18,1133333.333333333,-0.03333333333333335,3.966666666666667,5396666.666666667,5.066666666666666,100.83333333333331,0.6,-3.0,618666.6666666665,0.5,0.43333333333333335,1.4333333333333336,0.6,3.2,1.4333333333333331,53.83333333333334,1.5726666666666669,0.13333333333333333,0.30000000000000004,0.26666666666666666,3.1,0.5,-113000000000.0,0.3092307692307692,0.16666666666666666
2016Q4,90210000000.0,269900000000.0,212120000000.0,232380000000.0,225630000000.0,168560000000.0,1181790000000.0,62520000000.0,265570000000.0,66700000000.0,33890000000.0,40210000000.0,430360000000.0,27880000000.0,10020000000.0,1.1769999999999998,2.841333333333333,1.7066666666666663,2.0506666666666664,7223333.333333332,10556666.666666666,-2.766666666666667,129.42,27066.66666666667,-0.19000000000000009,0.16666666666666666,2040.692307692308,2.1,247.59666666666664,1.5666666666666664,1.3333333333333333,239.87,8.066666666666666,1.4,14.733333333333334,-1.4333333333333331,-876692.3076923076,5.8,-0.3333333333333333,-0.10000000000000002,-20333333333.333332,-2538.4615384615386,-1.0,19333.33333333333,5.933333333333334,1.4333333333333336,51.1,51.43333333333334,59.36666666666667,55.66666666666666,57.63333333333333,54.20000000000001,255230.76923076922,5570500.0,6.0,17.0,0.0,-1666.666666666667,3.963333333333333,220.49166666666665,2.483333333333333,83.25,107.65,232.9,463.00833333333344,1861.225,4.7,718.8000000000003,96.16666666666669,-32800000000.0,108.03333333333336,38.16666666666666,24.7,-0.06666666666666643,16.26666666666667,21.3,191000.0,-0.06666666666666668,0.10000000000000002,0.06923076923076922,1.0615384615384615,0.20000000000000004,0.26666666666666666,5.0,4.666666666666667,0.7666666666666666,0.06666666666666668,11.666666666666664,-12700000000.0,364823.07692307694,171138.46153846153,62338.461538461524,0.06666666666666668,51.1,47.5,-0.1333333333333333,-0.7666666666666666,17973333.333333332,-2.025,-25.6,206666.66666666663,55.76666666666667,1079153.8461538462,256769.23076923078,-18461538461.53846,0.10000000000000002,34.43333333333333,210333.33333333328,9.566666666666668,4.833333333333333,-0.016666666666666663,471.0769230769232,17080000000.0,-42776666666.666664,52.5,-65000000000.0,0.3,-0.3333333333333333,0.26666666666666666,-0.10000000000000002,0.13333333333333333,0.1666666666666667,1.2333333333333334,75.60000000000002,-0.26666666666666666,92.78333333333336,2.4,3800000000.0,65.33333333333333,1220666.666666667,0.10000000000000002,1187333.333333333,0.06666666666666668,12.933333333333332,5556666.666666667,5.533333333333332,106.46666666666664,0.43333333333333335,2.6666666666666665,566333.3333333335,0.625,0.10000000000000002,-1.633333333333333,0.6,1.0333333333333332,0.9,54.26666666666667,2.099333333333333,0.03333333333333333,0.3,0.16666666666666666,-2.6,3.9,-125300000000.0,0.4365384615384616,0.3666666666666667
2017Q1,97450000000.0,279170000000.0,219320000000.0,241440000000.0,249000000000.0,156050000000.0,1309360000000.0,60830000000.0,276110000000.0,63240000000.0,34240000000.0,42790000000.0,586710000000.0,29570000000.0,9070000000.0,1.5083333333333335,3.029666666666667,1.9583333333333333,2.249,6790000.0,10793333.333333334,0.6666666666666665,130.95333333333332,42066.66666666666,0.12333333333333335,0.2333333333333333,2063.769230769231,2.1666666666666665,251.0233333333333,1.7,2.533333333333333,243.41333333333333,21.166666666666668,1.7333333333333334,15.166666666666664,1.2333333333333334,98153.84615384617,1.3333333333333333,0.20000000000000004,0.13333333333333333,1300000000.0,967538.4615384616,-0.1,2333.333333333333,6.1000000000000005,-2.1333333333333333,56.40000000000001,63.33333333333334,60.93333333333334,53.83333333333334,58.95,57.02500000000001,245096.1538461539,5704000.0,14.333333333333336,22.66666666666667,0.09999999999999998,14666.666666666664,4.358461538461539,232.73076923076923,2.45,87.43333333333332,112.36666666666667,244.53333333333333,390.2461538461538,1276.1538461538462,5.2,732.7666666666665,105.3,43000000000.0,110.03333333333336,56.53333333333333,26.16666666666667,13.8,34.2,34.36666666666667,184333.33333333328,0.06666666666666665,-0.03333333333333335,-1.023076923076923,0.9307692307692308,0.3333333333333333,0.3333333333333333,15.333333333333336,13.0,0.8333333333333334,0.5333333333333333,16.666666666666668,20533333333.333332,472300.0,119230.76923076926,79623.07692307692,-0.13333333333333333,56.96666666666667,69.16666666666667,0.8000000000000002,0.6333333333333334,17873333.333333332,0.9846153846153848,-12.133333333333333,269000.0,56.43333333333334,3685692.307692308,243153.8461538461,-100846153846.15384,0.16666666666666666,34.36666666666667,186666.66666666663,9.166666666666666,4.666666666666667,0.2833333333333334,593.2307692307693,13476666666.666666,-45266666666.666664,55.76666666666667,-105666666666.66667,0.3333333333333333,0.13333333333333336,0.1,0.26666666666666666,0.13333333333333333,0.13333333333333333,13.866666666666665,75.6,0.06666666666666668,97.18333333333334,2.6,39833333333.333336,67.66666666666667,1252666.666666667,0.2333333333333333,1249666.666666667,0.26666666666666666,33.23333333333333,5626666.666666667,5.833333333333332,117.4,0.4666666666666666,17.0,589333.3333333335,0.875,0.0,1.4,0.8,1.1,2.1,55.13333333333333,2.411666666666667,0.13333333333333333,0.3333333333333333,0.10000000000000002,-0.3,2.6,-116800000000.0,0.5980769230769231,2.033333333333333
2017Q2,95030000000.0,291730000000.0,221910000000.0,244580000000.0,259890000000.0,160790000000.0,1175420000000.0,66630000000.0,362850000000.0,66370000000.0,33680000000.0,49570000000.0,580770000000.0,30600000000.0,9370000000.0,1.532333333333333,2.952666666666667,1.844666666666667,2.066666666666667,6313333.333333332,10503333.333333334,0.0,133.13666666666666,39800.0,0.12,0.13333333333333333,1952.692307692308,1.7666666666666666,251.3766666666667,1.4666666666666668,1.9,244.73666666666668,16.333333333333332,1.5666666666666669,14.266666666666666,1.7666666666666668,-49076.923076923085,-1.0,-0.2333333333333333,-0.13333333333333333,14533333333.333334,96230.76923076923,-0.10000000000000002,14333.333333333336,6.7333333333333325,0.06666666666666703,54.23333333333333,60.16666666666666,61.29999999999999,55.0,60.46666666666667,52.96666666666667,242692.3076923077,5957666.666666668,8.666666666666666,11.333333333333336,0.26666666666666666,2000.0,4.200000000000001,245.4384615384615,2.433333333333333,86.38333333333333,112.4,248.9,413.5615384615384,1354.823076923077,-2.566666666666667,737.8333333333335,104.2,43600000000.0,109.5,37.16666666666666,32.56666666666666,17.766666666666673,26.23333333333333,27.16666666666667,176000.0,0.4,0.10000000000000002,0.11538461538461532,2.023076923076923,0.03333333333333333,0.06666666666666668,11.333333333333336,25.0,0.16666666666666666,0.8000000000000002,8.933333333333332,27100000000.0,375100.0,168846.15384615384,68761.53846153848,-0.9,55.83333333333334,61.33333333333334,0.6666666666666666,-0.20000000000000004,16720000.0,0.3307692307692308,-11.733333333333334,196000.0,57.26666666666667,-1904923.0769230768,240307.6923076923,59000000000.0,0.2333333333333333,34.43333333333333,190333.33333333328,8.533333333333333,4.366666666666666,0.08333333333333333,717.8461538461537,13003333333.333334,-45900000000.0,51.43333333333334,1333333333.3333333,-0.06666666666666668,0.0,-0.033333333333333326,0.2,0.10000000000000002,0.03333333333333333,8.0,76.63333333333334,0.4666666666666666,96.56666666666666,2.5666666666666664,42700000000.0,68.33333333333333,1217000.0,0.26666666666666666,1159666.666666667,0.2,29.46666666666667,5570000.0,5.7,119.03333333333336,0.4000000000000001,9.333333333333334,596333.3333333335,1.125,-0.03333333333333335,1.5666666666666669,0.5,2.9,1.0,61.13333333333333,2.309,0.13333333333333333,0.26666666666666666,0.2,1.2,0.4,-123100000000.0,0.905,2.3000000000000003
2017Q3,91970000000.0,294670000000.0,227980000000.0,244440000000.0,253350000000.0,166530000000.0,1233550000000.0,67290000000.0,275970000000.0,62800000000.0,32810000000.0,54440000000.0,611000000000.0,29990000000.0,11840000000.0,1.5086666666666666,2.8480000000000003,1.8456666666666663,2.0656666666666665,6050000.0,10796666.666666666,-0.9666666666666665,133.69666666666666,31466.66666666667,-0.05,0.20000000000000004,1954.4615384615383,1.7,252.43666666666664,1.3333333333333333,1.933333333333333,245.71,18.366666666666664,1.5666666666666669,15.266666666666666,-1.2,-1094384.6153846157,-0.7666666666666666,0.6,0.5333333333333333,7900000000.0,-1821538.4615384613,0.8666666666666667,666.6666666666666,6.4,-3.4333333333333336,58.46666666666666,61.76666666666666,58.23333333333333,55.53333333333334,59.05,61.0,248788.4615384616,6115000.0,14.333333333333336,16.0,-0.10000000000000002,17000.0,4.1315384615384625,236.4230769230769,2.55,84.19999999999997,112.35,251.53333333333333,418.0384615384616,1431.2846153846149,2.0333333333333328,747.6333333333333,104.5,22133333333.333332,107.13333333333333,44.79999999999999,40.06666666666667,9.2,17.333333333333332,24.866666666666664,110000.0,-0.16666666666666666,0.2333333333333333,-0.18461538461538468,3.1692307692307686,0.26666666666666666,0.3,14.333333333333336,18.666666666666668,0.43333333333333335,0.5,12.666666666666664,24366666666.666668,414600.0,166107.6923076923,41392.307692307695,0.06666666666666668,58.63333333333333,65.16666666666667,-0.23333333333333325,-1.1333333333333335,16460000.0,0.0923076923076924,-17.26666666666667,183333.33333333328,56.33333333333334,-2940538.461538461,251615.38461538465,50692307692.307686,0.3,34.43333333333334,110666.66666666669,8.5,4.3,0.6333333333333333,759.3076923076923,17463333333.333332,-43200000000.0,51.93333333333334,-47666666666.666664,0.5666666666666667,0.4666666666666666,0.6666666666666666,0.3,0.13333333333333333,0.3333333333333333,19.8,76.26666666666667,-0.13333333333333333,95.21666666666668,2.65,49800000000.0,65.33333333333333,1246000.0,0.13333333333333333,1154000.0,0.16666666666666666,20.733333333333334,5393333.333333333,5.966666666666666,121.26666666666668,0.4,15.666666666666664,599333.3333333335,1.25,0.4666666666666666,-0.9666666666666665,0.7,3.1666666666666665,2.1333333333333333,61.0,2.251666666666667,0.10000000000000002,0.3333333333333333,0.4666666666666666,3.0,0.15,-100600000000.0,1.0469230769230768,2.3000000000000003
2017Q4,95000000000.0,280220000000.0,220410000000.0,246950000000.0,232420000000.0,173950000000.0,1231790000000.0,61010000000.0,277490000000.0,68350000000.0,36320000000.0,59400000000.0,665150000000.0,34920000000.0,13810000000.0,1.7796666666666667,2.825,2.123,2.293333333333333,6586666.666666668,11256666.666666666,1.4333333333333331,133.70666666666668,32800.0,0.3133333333333333,0.2333333333333333,1906.3846153846155,1.9,252.36,1.5333333333333332,2.1,244.92,25.566666666666666,1.9,22.66666666666667,0.6333333333333333,-623846.1538461539,1.6,0.26666666666666666,1.0,-14736666666.666666,852461.5384615384,0.0666666666666667,9333.333333333334,6.3,9.433333333333334,57.53333333333333,62.53333333333334,61.66666666666666,55.53333333333333,61.03333333333333,60.13333333333333,242076.92307692303,5673000.0,17.666666666666668,18.666666666666668,0.5666666666666667,24000.0,4.177500000000001,236.40833333333333,2.45,87.86666666666666,114.95,246.2,399.91666666666674,1320.1333333333334,4.433333333333334,743.4333333333334,105.7,44033333333.333336,109.26666666666668,50.0,37.46666666666667,23.76666666666667,23.6,34.166666666666664,205666.66666666663,0.03333333333333333,0.26666666666666666,-0.8076923076923077,3.7076923076923074,0.43333333333333335,0.3666666666666667,22.0,26.33333333333333,0.8333333333333334,0.2333333333333333,19.033333333333328,-3133333333.333333,540676.9230769231,179723.07692307697,47723.07692307692,0.6999999999999998,57.20000000000001,66.5,-0.4,1.7666666666666668,18046666.666666668,-0.7083333333333334,0.033333333333333805,192666.66666666663,58.23333333333333,-3008000.0,238692.3076923077,-10307692307.692308,0.20000000000000004,34.4,215000.0,8.366666666666667,4.3,0.3499999999999999,742.8461538461537,19736666666.666668,-46066666666.666664,51.93333333333334,-76666666666.66667,0.43333333333333335,0.4333333333333333,0.5333333333333333,0.3333333333333333,0.16666666666666666,0.26666666666666666,22.53333333333333,76.53333333333333,0.6333333333333334,98.46666666666668,2.5499999999999994,13700000000.0,70.66666666666667,1268333.333333333,0.3,1271000.0,0.3666666666666667,25.6,5593333.333333333,5.7666666666666675,125.83333333333331,0.4666666666666666,20.666666666666668,651333.3333333335,1.375,0.26666666666666666,-0.09999999999999998,0.5,1.9666666666666668,2.0666666666666664,65.89999999999999,2.3480000000000003,0.13333333333333333,0.3333333333333333,0.4666666666666666,1.3,1.7,-112400000000.0,1.2203846153846156,2.5
2018Q1,110770000000.0,322900000000.0,240320000000.0,250430000000.0,269000000000.0,162810000000.0,1362670000000.0,61080000000.0,316490000000.0,63040000000.0,34180000000.0,57400000000.0,682110000000.0,37630000000.0,15370000000.0,2.265333333333333,3.0323333333333333,2.568,2.708,5860000.0,11526666.666666664,1.4,107.43333333333334,46833.33333333334,0.3666666666666667,0.26666666666666666,1903.2307692307693,1.9,255.74666666666667,1.6666666666666667,2.233333333333334,248.80333333333337,30.66666666666667,1.9666666666666668,15.1,0.8666666666666666,-75461.53846153842,0.3,0.43333333333333335,0.26666666666666666,15566666666.666666,863000.0,0.5,10333.333333333334,7.066666666666666,1.5333333333333332,57.06666666666666,63.83333333333334,61.06666666666666,57.73333333333333,62.33333333333334,61.46666666666667,231019.23076923078,6304666.666666668,16.666666666666668,17.666666666666668,0.43333333333333335,22666.66666666667,4.510769230769231,246.2846153846154,2.5,88.11666666666666,115.61666666666666,260.70000000000005,394.63076923076926,1223.4615384615386,-1.4666666666666668,770.0666666666666,106.4,41966666666.666664,106.56666666666666,43.76666666666667,37.5,22.53333333333333,23.43333333333333,40.16666666666666,195000.0,-0.033333333333333326,0.10000000000000002,-0.23846153846153845,3.407692307692308,0.16666666666666666,0.13333333333333333,20.33333333333333,24.0,0.7000000000000001,0.6666666666666666,17.733333333333334,47066666666.666664,696946.1538461539,187707.6923076923,13184.615384615383,-0.5333333333333333,59.70000000000001,75.0,0.4666666666666667,-0.4000000000000001,17363333.333333332,0.9692307692307692,-3.5666666666666664,236666.66666666663,59.4,-148692.3076923077,229076.92307692303,-149923076923.07693,0.2333333333333333,34.43333333333333,205333.33333333328,8.133333333333333,4.1,0.6833333333333332,780.8461538461537,12043333333.333334,-54400000000.0,55.8,-125000000000.0,0.13333333333333333,0.4666666666666666,0.06666666666666665,0.4,0.2333333333333333,0.2,17.766666666666666,77.86666666666666,0.5,98.85,2.766666666666666,57633333333.333336,71.33333333333333,1349333.333333333,0.30000000000000004,1293666.666666667,0.30000000000000004,23.43333333333333,5506666.666666667,6.666666666666668,127.96666666666668,0.5,19.0,635000.0,1.625,0.3,0.6666666666666666,0.8,2.1666666666666665,2.033333333333333,61.66666666666666,2.7596666666666665,0.2333333333333333,0.3666666666666667,0.26666666666666666,0.55,2.8,-124100000000.0,1.5665384615384614,2.833333333333333
2018Q2,106100000000.0,328340000000.0,243540000000.0,250270000000.0,270900000000.0,165030000000.0,1226900000000.0,63050000000.0,377220000000.0,66900000000.0,34280000000.0,61470000000.0,735010000000.0,40830000000.0,14470000000.0,2.5926666666666667,3.091333333333333,2.806666666666666,2.897,5493333.333333333,11736666.666666664,-2.8666666666666667,108.23333333333336,34933.333333333336,0.20666666666666667,0.20000000000000004,1766.5384615384617,2.2,256.88333333333327,1.9,2.733333333333333,251.3766666666667,28.366666666666664,2.066666666666667,18.83333333333333,-0.6333333333333333,-887000.0,-1.1666666666666667,0.5,0.5,-8900000000.0,123307.69230769233,0.25,4000.0,6.433333333333334,-3.6666666666666665,55.5,62.8,61.43333333333334,53.76666666666667,61.23333333333333,62.26666666666667,223403.84615384613,6666000.0,27.66666666666667,37.333333333333336,0.20000000000000004,26000.0,4.7723076923076935,252.95384615384617,2.5166666666666666,87.91666666666664,114.9,263.26666666666665,379.0076923076923,1065.6,-0.033333333333333215,782.2666666666668,106.6,107700000000.0,106.40000000000002,38.06666666666667,29.3,29.23333333333333,25.633333333333336,53.6,196000.0,0.03333333333333333,0.2333333333333333,0.23846153846153845,3.776923076923077,0.3,0.4666666666666667,8.0,11.333333333333336,0.16666666666666666,0.6666666666666666,18.466666666666665,20000000000.0,652938.4615384615,118400.0,11569.230769230771,0.3666666666666667,58.86666666666667,78.53333333333335,0.09999999999999998,-0.3,17180000.0,-0.676923076923077,11.066666666666668,186333.33333333328,58.16666666666666,-1024076.9230769231,223076.92307692303,52846153846.15385,0.20000000000000004,34.5,200000.0,7.733333333333332,3.9,0.3,842.6923076923077,14676666666.666666,-45200000000.0,53.36666666666667,-2666666666.6666665,0.5333333333333333,0.16666666666666666,0.5333333333333333,0.26666666666666666,0.16666666666666666,0.16666666666666666,20.3,77.96666666666667,0.4,98.48333333333332,2.8166666666666664,34333333333.333324,69.0,1308666.666666667,0.26666666666666666,1270000.0,0.3,25.83333333333333,5423333.333333333,6.466666666666666,127.7,0.16666666666666666,11.0,660666.6666666665,1.875,0.3333333333333333,0.4500000000000001,0.6,4.166666666666667,3.233333333333333,61.46666666666667,2.9173333333333336,0.16666666666666666,0.3666666666666667,0.4000000000000001,2.9,-0.95,-101500000000.0,1.8476923076923075,3.033333333333333
2018Q3,98720000000.0,327910000000.0,247570000000.0,257330000000.0,276280000000.0,166900000000.0,1280280000000.0,68370000000.0,280140000000.0,63830000000.0,35170000000.0,61720000000.0,766050000000.0,52160000000.0,15380000000.0,2.757,3.0453333333333332,2.859,2.9360000000000004,5306666.666666667,11536666.666666664,-1.6,110.53333333333336,40300.0,0.16,0.16666666666666666,1716.7692307692307,2.2666666666666666,258.17,2.0,2.6333333333333333,252.2,30.43333333333333,1.5,24.6,0.3333333333333333,1573692.3076923075,-1.3666666666666665,-0.2,0.2333333333333333,23500000000.0,-424307.69230769225,0.26666666666666666,-1000.0,6.166666666666668,1.6,57.93333333333334,62.36666666666667,60.8,58.40000000000001,59.66666666666666,63.46666666666666,214288.4615384616,7028000.0,16.666666666666668,14.0,0.2333333333333333,17333.333333333332,4.82,238.3538461538461,2.466666666666667,88.28333333333335,112.95,265.96666666666664,351.02307692307687,951.7615384615384,-1.2333333333333334,810.0666666666666,108.2,43766666666.666664,105.0,34.7,28.4,16.233333333333334,20.9,52.5,165000.0,0.03333333333333333,0.2333333333333333,0.3153846153846154,4.984615384615385,0.3666666666666667,0.26666666666666666,24.0,24.0,0.16666666666666666,0.1,22.73333333333333,61600000000.0,587523.0769230769,19161.53846153846,-4676.923076923077,0.06666666666666668,59.56666666666666,70.73333333333333,0.7333333333333333,-0.6666666666666666,16986666.666666668,-0.2461538461538461,9.7,204000.0,58.6,-1588230.769230769,212076.92307692303,53461538461.53846,0.3333333333333333,34.5,164000.0,7.466666666666666,3.8333333333333335,0.5833333333333334,863.0769230769231,15880000000.0,-52433333333.333336,56.70000000000001,-145500000000.0,0.26666666666666666,-0.033333333333333326,0.2333333333333333,0.4666666666666667,0.13333333333333333,0.16666666666666666,22.4,78.1,0.26666666666666666,97.9,2.8666666666666667,79133333333.33333,67.33333333333333,1260333.333333333,0.06666666666666668,1217000.0,0.03333333333333333,20.166666666666668,5276666.666666667,5.5,133.0666666666667,0.2333333333333333,24.33333333333333,603000.0,2.125,0.13333333333333333,0.30000000000000004,0.8,3.466666666666667,1.5333333333333332,63.16666666666666,2.925333333333333,0.13333333333333333,0.26666666666666666,0.3666666666666667,2.2666666666666666,1.05,-124800000000.0,2.0384615384615383,2.9
2018Q4,85480000000.0,319090000000.0,239770000000.0,252570000000.0,280090000000.0,174380000000.0,1248940000000.0,61140000000.0,278310000000.0,68910000000.0,37810000000.0,59360000000.0,718950000000.0,47620000000.0,13800000000.0,2.9066666666666663,3.3089999999999997,2.843,2.909333333333333,5405000.0,11830000.0,1.4333333333333336,109.40000000000002,53700.0,0.2433333333333333,0.26666666666666666,1659.6153846153845,2.0333333333333337,257.61666666666673,1.7333333333333334,2.266666666666667,250.48333333333332,13.966666666666667,1.933333333333333,20.4,0.30000000000000004,-1383000.0,-0.10000000000000007,-0.2,0.6,-11033333333.333334,-198000.0,-0.3,0.0,6.2333333333333325,-1.1666666666666663,57.4,62.96666666666667,61.66666666666666,58.13333333333333,59.43333333333334,62.26666666666667,216711.53846153847,6256333.333333332,8.666666666666666,3.6666666666666665,0.13333333333333333,28000.0,5.075833333333333,234.2083333333333,2.4666666666666663,88.05,114.05,260.26666666666665,332.0083333333333,857.2583333333333,-9.1,809.7999999999997,105.7,-14500000000.0,104.53333333333336,30.9,32.333333333333336,18.033333333333328,14.3,38.5,184333.33333333328,0.06666666666666668,0.3333333333333333,0.17692307692307693,6.476923076923076,0.5,0.4000000000000001,-2.0,4.666666666666667,0.5666666666666668,0.13333333333333333,12.75,11666666666.666666,408966.66666666674,17200.0,-6591.666666666668,0.4666666666666666,58.66666666666666,67.10000000000001,0.3,-0.9333333333333332,17500000.0,-0.8666666666666666,92.0,218666.66666666663,58.96666666666667,3494000.0,216538.4615384616,-3307692307.6923075,0.2333333333333333,34.46666666666667,184333.33333333328,7.7,3.8333333333333335,0.6,878.1538461538463,23926666666.666668,-53033333333.333336,55.6,-52250000000.0,0.4333333333333333,-0.3333333333333333,0.4666666666666666,0.4666666666666666,0.2333333333333333,0.13333333333333333,18.433333333333334,78.26666666666667,0.5333333333333333,98.2,2.783333333333333,38700000000.0,61.33333333333334,1297666.666666667,0.2333333333333333,1225333.333333333,0.2,14.833333333333336,5370000.0,5.9,133.9,0.3333333333333333,7.0,584500.0,2.375,0.13333333333333333,-0.2333333333333336,0.6,2.6666666666666665,2.333333333333333,63.40000000000001,3.1163333333333334,0.13333333333333333,0.3666666666666667,0.4666666666666666,-0.05,2.25,-128199999999.99995,2.3314285714285714,2.6666666666666665
2019Q1,102860000000.0,360590000000.0,258930000000.0,263010000000.0,287990000000.0,164620000000.0,1387930000000.0,56280000000.0,282850000000.0,59590000000.0,34290000000.0,57370000000.0,636250000000.0,40040000000.0,12000000000.0,2.503,3.0253333333333328,2.412333333333333,2.4813333333333336,5141111.111111111,12013333.333333334,-0.6333333333333334,110.6,63466.66666666666,-0.29,0.3,1751.5384615384617,2.1,261.02000000000004,1.6666666666666667,1.6666666666666667,252.89666666666668,7.466666666666666,1.5,15.633333333333335,0.3666666666666665,789615.3846153845,1.9000000000000004,0.2333333333333333,0.3,10133333333.333334,424153.84615384607,0.6666666666666666,5666.666666666668,5.133333333333334,3.2000000000000006,55.1,57.03333333333333,60.6,56.3,60.63333333333333,57.5,223846.15384615387,7385333.333333332,5.333333333333333,5.0,-0.43333333333333335,3666.666666666666,4.676153846153847,251.7076923076924,2.466666666666667,84.46666666666665,110.3,272.73333333333335,378.86923076923085,1079.2384615384613,0.8333333333333334,861.6333333333333,101.56666666666666,-57800000000.0,103.63333333333334,28.1,27.6,11.233333333333334,6.933333333333334,24.73333333333333,167666.66666666663,0.0,0.4,-0.9384615384615383,5.953846153846158,0.6333333333333334,0.5,2.0,9.333333333333334,0.13333333333333333,0.2333333333333333,-2.4,-9066666666.666666,347600.0,101588.88888888886,38255.55555555556,0.4666666666666666,55.36666666666667,51.1,0.5,2.4666666666666663,16950000.0,2.7538461538461543,57.06666666666666,175000.0,57.5,67076.92307692308,223846.15384615387,-124769230769.23074,0.2,34.46666666666667,173333.33333333337,7.566666666666666,3.866666666666666,0.4333333333333333,848.0769230769231,14173333333.333334,-50166666666.666664,52.76666666666667,-124000000000.0,0.5666666666666667,0.2333333333333333,0.5333333333333333,0.3666666666666667,0.13333333333333333,0.20000000000000004,5.466666666666668,78.39999999999998,-0.2,94.56666666666666,2.566666666666667,5433333333.333333,60.66666666666666,1303333.333333333,0.2333333333333333,1177000.0,0.2,8.866666666666667,5220000.0,3.1,125.23333333333336,0.3333333333333333,8.0,655333.3333333335,2.5,0.13333333333333333,0.5,0.7,3.1333333333333333,0.5666666666666668,60.03333333333334,2.6773333333333333,0.06666666666666668,0.06666666666666668,0.6333333333333333,3.5,-1.25,-132400000000.0,2.4000000000000004,2.033333333333333
2019Q2,102440000000.0,359520000000.0,265200000000.0,264750000000.0,291190000000.0,170940000000.0,1239250000000.0,66190000000.0,372510000000.0,64060000000.0,32140000000.0,59300000000.0,690910000000.0,44200000000.0,13810000000.0,2.1366666666666667,2.8096666666666668,2.057,2.153,4877222.222222222,12196666.666666666,-1.7333333333333332,110.63333333333333,46866.66666666666,-0.17333333333333334,0.2333333333333333,1677.9230769230774,2.0666666666666664,262.19,1.6000000000000003,1.8,255.92666666666665,-5.133333333333333,2.9,10.066666666666668,0.0,-368230.7692307693,0.1333333333333334,-0.2333333333333333,0.16666666666666666,-8200000000.0,-491923.07692307705,0.4666666666666666,15000.0,5.0,1.3,53.53333333333333,51.46666666666667,59.63333333333333,55.6,57.5,56.66666666666666,215019.23076923078,7373333.333333332,3.0,3.6666666666666665,0.03333333333333335,8000.0,4.315384615384615,268.5846153846154,2.3833333333333333,90.09999999999998,112.21666666666664,275.1,455.3846153846154,1502.6692307692306,-2.5666666666666664,882.3333333333335,103.93333333333334,8933333333.333334,106.0,20.066666666666666,27.4,16.099999999999998,11.666666666666664,19.2,172333.33333333337,-0.03333333333333335,0.13333333333333333,0.16923076923076932,5.315384615384616,0.4,0.3333333333333333,2.333333333333333,14.666666666666664,0.03333333333333333,0.5666666666666667,2.8666666666666667,35366666666.666664,459853.84615384607,116653.84615384616,3092.3076923076924,-0.7000000000000001,52.20000000000001,50.36666666666667,-0.3,0.7999999999999999,17050000.0,1.9461538461538463,32.4,134666.66666666663,55.83333333333334,2096846.1538461538,215307.6923076923,91846153846.15384,0.20000000000000004,34.4,187333.33333333328,7.1999999999999975,3.6333333333333333,0.3833333333333333,804.9230769230769,16396666666.666666,-53833333333.333336,55.33333333333334,-18666666666.666668,0.3333333333333333,-0.3333333333333333,0.2333333333333333,0.26666666666666666,0.16666666666666666,0.16666666666666666,6.433333333333333,77.96666666666667,-0.033333333333333326,98.76666666666668,2.65,49833333333.333336,64.33333333333333,1270000.0,0.20000000000000004,1252333.333333333,0.13333333333333333,8.466666666666667,5266666.666666667,2.333333333333333,128.26666666666665,0.2333333333333333,3.6666666666666665,648333.3333333335,2.5,0.5,-0.4666666666666668,0.6,2.033333333333333,2.533333333333333,52.16666666666666,2.3583333333333334,0.20000000000000004,0.4666666666666666,0.3333333333333333,2.3,2.5,-128199999999.99995,2.3153846153846156,1.9
2019Q3,100320000000.0,361840000000.0,261100000000.0,268840000000.0,285360000000.0,177980000000.0,1303770000000.0,68560000000.0,281680000000.0,60760000000.0,32140000000.0,55500000000.0,650490000000.0,58590000000.0,12490000000.0,1.664,2.4163333333333337,1.5963333333333332,1.6963333333333337,4613333.333333333,12380000.0,4.466666666666668,110.86666666666667,44627.33333333334,-0.23666666666666664,0.2333333333333333,1684.2307692307693,2.333333333333333,264.14,1.7000000000000002,1.7333333333333334,256.63,-0.6999999999999998,1.6,13.866666666666667,-0.46,638076.9230769231,0.5333333333333332,-0.2,0.06666666666666668,-17933333333.333332,-155615.38461538462,-0.1,24000.0,4.9,-0.3666666666666665,48.46666666666666,48.43333333333334,56.6,53.23333333333334,56.03333333333334,58.23333333333333,214826.92307692303,7097333.333333332,-3.0,1.0,-0.13333333333333333,5666.666666666668,3.9915384615384606,256.1076923076924,2.5,84.76666666666667,108.31666666666668,277.8333333333333,540.7615384615385,2163.584615384615,-2.1333333333333337,877.7333333333332,103.2,25566666666.666668,107.2,30.466666666666665,28.46666666666667,16.46666666666667,23.16666666666667,20.633333333333336,119333.33333333331,0.06666666666666668,0.2333333333333333,-0.6846153846153846,5.338461538461539,0.43333333333333335,0.3333333333333333,-7.333333333333332,7.666666666666668,0.06666666666666668,0.06666666666666668,3.733333333333333,6333333333.333331,401500.0,276876.92307692306,48992.307692307695,0.2333333333333333,49.36666666666667,46.93333333333334,0.2333333333333333,0.20000000000000004,17000000.0,0.13076923076923086,36.5,162000.0,54.23333333333333,-3846615.384615385,212461.53846153847,69538461538.46153,0.2333333333333333,34.36666666666667,143333.33333333337,7.033333333333334,3.6333333333333333,0.25,756.1538461538463,16900000000.0,-53800000000.0,54.16666666666666,-160000000000.0,0.3,-0.033333333333333326,0.26666666666666666,0.13333333333333333,0.2333333333333333,0.13333333333333333,3.7,77.63333333333334,-1.8503717077085935e-17,93.98333333333332,2.7000000000000006,30900000000.0,66.33333333333333,1380666.666666667,-0.03333333333333333,1270333.333333333,1.8503717077085935e-17,16.866666666666667,5430000.0,2.033333333333333,131.96666666666667,0.4000000000000001,-6.666666666666668,683000.0,2.125,-0.06666666666666668,0.8,0.7,2.033333333333333,1.6666666666666667,47.3,1.8243333333333327,0.10000000000000002,0.26666666666666666,0.3,-0.25,3.05,-124100000000.0,1.9942857142857144,1.6333333333333335
2019Q4,108570000000.0,339990000000.0,249260000000.0,242550000000.0,271350000000.0,182400000000.0,1279910000000.0,60070000000.0,279740000000.0,65360000000.0,33520000000.0,51910000000.0,671730000000.0,66280000000.0,12330000000.0,1.5583333333333331,2.3023333333333333,1.6376666666666668,1.737,4415000.0,12400000.0,2.2333333333333334,110.62666666666668,46248.0,0.040000000000000036,0.20000000000000004,1684.1538461538462,2.2666666666666666,263.55333333333334,1.7,1.9333333333333336,255.26333333333332,-3.2,1.8333333333333333,13.9,0.675,-672384.6153846154,-2.066666666666667,-0.16666666666666666,-0.5666666666666668,-34500000000.0,696615.3846153846,0.20000000000000004,6666.666666666668,5.466666666666666,-1.3999999999999997,50.16666666666666,49.13333333333333,56.16666666666666,55.16666666666666,58.46666666666667,57.56666666666666,218384.61538461532,7163333.333333332,-4.666666666666667,-1.3333333333333333,0.5333333333333333,16666.666666666668,3.982307692307692,256.75384615384615,2.3166666666666664,86.66666666666669,113.3,273.2,537.2769230769231,2158.230769230769,5.3,865.7666666666668,103.83333333333331,-16800000000.0,104.73333333333332,34.93333333333333,27.8,24.066666666666666,14.666666666666664,14.533333333333333,228666.66666666663,0.2,-0.06666666666666665,-1.1428571428571428,5.3285714285714265,-0.4333333333333333,-0.4333333333333333,-1.3333333333333333,18.666666666666668,0.3,-0.06666666666666668,3.75,-12033333333.33333,429130.7692307693,274753.84615384607,46930.76923076923,-0.2,50.23333333333333,49.03333333333333,-0.06666666666666668,-0.9,16966666.666666668,-0.32307692307692304,-24.766666666666666,154333.33333333337,55.4,1678230.769230769,220000.0,3461538461.5384607,0.26666666666666666,34.43333333333333,235333.33333333328,7.166666666666668,3.6666666666666665,0.15000000000000002,685.4615384615385,19203333333.333332,-52100000000.0,54.16666666666666,-68500000000.0,-0.5,-0.43333333333333335,-0.2333333333333333,0.2333333333333333,0.20000000000000004,0.2,3.466666666666667,77.56666666666666,0.20000000000000004,97.08333333333331,2.45,7266666666.666667,72.33333333333333,1423000.0,-9.251858538542968e-18,1252333.333333333,0.06666666666666668,5.433333333333334,5266666.666666667,3.7000000000000006,125.96666666666664,0.30000000000000004,0.6666666666666666,682500.0,1.75,0.2333333333333333,-0.06666666666666665,0.7,2.4000000000000004,1.95,46.13333333333333,1.7469999999999999,0.13333333333333333,0.5,0.06666666666666665,0.95,2.0,-114150000000.0,1.5730769230769233,1.5666666666666669
2020Q1,97790000000.0,330080000000.0,263780000000.0,211320000000.0,267350000000.0,172140000000.0,1416710000000.0,63590000000.0,288930000000.0,61570000000.0,31060000000.0,50370000000.0,561580000000.0,66130000000.0,10240000000.0,1.1746666666666667,1.907333333333333,1.0443333333333331,1.1656666666666669,3780000.0,11233333.333333334,-1.0333333333333334,93.19666666666666,115561.0,-1.2375,0.2333333333333333,1737.3846153846155,2.266666666666666,266.7833333333333,1.7000000000000002,2.1,258.25666666666666,-23.0,1.5666666666666669,-11.4,-4.05,-38692.307692307695,-1.1,-0.6666666666666666,-1.5666666666666669,-89600000000.0,1692.3076923076926,0.13333333333333333,25333.33333333333,5.6000000000000005,-9.133333333333333,45.76666666666667,48.0,55.56666666666666,51.9,57.40000000000001,52.1,277019.23076923075,6678666.666666668,-4.333333333333333,-4.666666666666667,-2.1,-5000.0,3.749166666666667,276.94166666666666,2.3666666666666667,88.08333333333331,112.5,286.43333333333334,730.9250000000003,3378.5000000000005,-3.966666666666667,861.3666666666667,101.73333333333336,153133333333.33334,102.83333333333331,39.66666666666666,24.9,11.066666666666668,12.1,14.433333333333332,-93000.0,0.26666666666666666,-2.3666666666666667,0.02307692307692303,6.169230769230769,0.5666666666666667,-0.9666666666666668,14.333333333333336,12.333333333333336,0.4,0.5333333333333333,-20.233333333333327,-37466666666.66667,455353.84615384607,313984.6153846154,60492.307692307695,0.4666666666666666,50.03333333333333,45.53333333333333,-3.6,-4.4,16846666.666666668,6.966666666666666,-7.899999999999999,149000.0,55.1,1077000.0,201098.6923076923,-95769230769.23076,0.3,34.3,-67666.66666666669,7.533333333333334,3.8333333333333335,-0.25,670.5384615384615,7436666666.666667,-43200000000.0,57.03333333333333,-129000000000.0,-1.5333333333333332,-0.9333333333333332,-2.9666666666666663,-0.2333333333333333,0.10000000000000002,-0.06666666666666668,-1.2666666666666668,75.5,-1.7000000000000002,97.63333333333333,2.4,-14100000000.0,73.66666666666667,1456000.0,0.13333333333333333,1460666.666666667,-0.1,13.666666666666664,5500000.0,3.5,127.43333333333332,0.3666666666666667,6.666666666666668,718666.6666666665,1.0833333333333333,0.03333333333333335,-4.466666666666667,0.8,-4.933333333333334,1.5333333333333332,46.56666666666666,1.4466666666666663,0.06666666666666668,-0.26666666666666666,-2.3666666666666667,-1.7,4.949999999999998,-104200000000.0,1.090769230769231,1.366666666666667
2020Q2,136600000000.0,353340000000.0,232750000000.0,202070000000.0,240180000000.0,176980000000.0,1346220000000.0,63670000000.0,415490000000.0,66480000000.0,25600000000.0,31960000000.0,326050000000.0,29280000000.0,4900000000.0,0.28600000000000003,1.3723333333333334,0.3526666666666667,0.5296666666666666,2460000.0,8350000.0,-1.4333333333333336,46.23666666666667,412788.0,-3.34,0.16666666666666666,17731.923076923078,1.2666666666666666,265.7033333333333,0.9666666666666668,0.3333333333333333,256.86,-43.0,1.5333333333333332,-29.266666666666666,2.7833333333333337,3867615.384615385,-2.266666666666667,-0.4666666666666666,-0.5,-58500000000.0,1233846.1538461538,-0.06666666666666672,-510666.66666666674,5.366666666666667,-2.8666666666666663,33.9,38.433333333333344,44.33333333333334,34.96666666666667,45.46666666666667,57.7,3409692.3076923075,5444000.0,-16.0,-28.33333333333333,-0.8999999999999995,193223.33333333328,3.4076923076923067,247.76153846153844,2.566666666666667,69.85000000000001,81.14999999999998,288.5,766.3153846153847,3807.084615384615,10.333333333333334,814.6,95.3,17633333333.333332,94.9,53.0,17.966666666666672,-22.1,-26.633333333333336,1.6666666666666663,-3886.333333333334,1.3333333333333333,0.03333333333333351,-4.392307692307694,-6.1923076923076925,0.43333333333333296,0.9666666666666672,-32.333333333333336,-54.33333333333334,0.1,0.5,-40.433333333333344,3100000000.0,539115.3846153846,242992.3076923077,30776.92307692308,-1.9,45.73333333333333,42.466666666666654,0.4000000000000001,13.033333333333333,10733333.333333334,0.484615384615385,807.2000000000003,-6875.666666666668,48.1,6566307.692307693,3375.615384615385,77461538461.53847,0.8333333333333334,34.46666666666667,-4397.0,20.666666666666668,13.033333333333333,-0.5,307.53846153846155,-26036666666.666668,-51566666666.666664,48.16666666666666,-667000000000.0,0.8333333333333336,-0.06666666666666672,2.9333333333333336,-1.5666666666666664,-0.1,-0.10000000000000002,-42.3,66.1,-1.466666666666666,74.30000000000003,2.733333333333333,37200000000.0,41.66666666666666,1178333.333333333,-0.2333333333333333,1017000.0,-0.3666666666666667,-24.066666666666666,4320000.0,3.733333333333333,90.53333333333336,0.26666666666666666,-26.66666666666667,691666.6666666665,0.25,-0.03333333333333351,1.9666666666666668,0.5,-32.0,-2.1666666666666665,34.76666666666666,0.7713333333333333,-0.03333333333333335,1.7333333333333332,0.06666666666666643,8.7,10.6,-170500000000.0,0.1496153846153846,-0.9333333333333332
2020Q3,117210000000.0,309420000000.0,201230000000.0,207480000000.0,216930000000.0,193180000000.0,1377420000000.0,71230000000.0,304890000000.0,64410000000.0,29190000000.0,29750000000.0,461990000000.0,41080000000.0,7610000000.0,0.17966666666666667,1.4029999999999998,0.287,0.4756666666666667,3603333.333333334,11746666.666666664,7.7,52.74666666666667,165738.33333333337,0.7466666666666667,0.2333333333333333,15440.307692307693,1.6666666666666667,268.57666666666665,1.4666666666666668,1.2333333333333332,259.76666666666665,6.2,1.8333333333333333,2.333333333333333,4.7333333333333325,-140071.42857142858,12.166666666666664,0.6333333333333333,1.1,-11133333333.333334,-1938642.8571428568,1.5666666666666669,143000.0,7.866666666666667,6.466666666666666,46.76666666666666,63.1,64.2,47.26666666666667,62.0,60.26666666666667,1202442.3076923077,6515666.666666668,9.333333333333334,16.0,1.366666666666667,40333.333333333336,3.1392857142857142,312.43571428571425,2.6666666666666665,69.33333333333333,84.61666666666666,297.76666666666665,796.7714285714287,3594.985714285715,5.066666666666666,806.4333333333334,101.0,-27433333333.333332,128.29999999999998,43.8,26.866666666666664,14.933333333333332,22.5,18.7,293163.0,-0.033333333333333326,1.1666666666666667,1.3769230769230771,-2.638461538461537,0.8999999999999999,1.2333333333333334,19.33333333333333,-2.0,0.8000000000000002,0.9666666666666668,-3.5,9400000000.000002,510138.46153846156,241107.6923076923,34538.46153846154,0.6,55.2,58.5,2.733333333333334,4.166666666666667,14266666.666666664,0.07857142857142861,332.7,448000.0,57.6,-3449857.1428571427,343706.84615384607,51384615384.61539,0.2333333333333333,34.6,221378.0,14.5,8.833333333333334,-0.7499999999999999,180.0769230769231,7080000000.0,-64866666666.66665,45.26666666666667,-129333333333.33333,1.3666666666666665,0.6333333333333334,1.2333333333333332,0.3666666666666667,0.4,0.4,12.633333333333333,71.16666666666667,0.9333333333333332,75.31666666666666,2.9166666666666665,49166666666.666664,77.66666666666667,1506000.0,0.43333333333333335,1442333.333333333,0.4333333333333333,18.766666666666666,6133333.333333332,5.233333333333333,93.06666666666666,1.4,16.333333333333332,620337.0,0.25,1.2,3.7,0.5,33.2,3.7000000000000006,55.16666666666666,0.6723333333333334,0.26666666666666666,-0.4666666666666668,1.4333333333333331,4.75,-7.75,-178500000000.0,0.11230769230769233,-0.0666666666666667
2020Q4,130380000000.0,302190000000.0,190630000000.0,182160000000.0,213070000000.0,197450000000.0,1347080000000.0,63040000000.0,297230000000.0,69390000000.0,31150000000.0,32370000000.0,465400000000.0,41600000000.0,8220000000.0,0.218,1.641,0.37366666666666665,0.6383333333333333,3785000.0,12095000.0,0.7666666666666667,102.02666666666666,59435.33333333334,0.2500000000000001,0.16666666666666666,7338.928571428572,1.8333333333333333,268.37000000000006,1.4666666666666668,1.5666666666666664,259.19666666666666,13.833333333333336,0.9333333333333332,3.533333333333333,-0.5166666666666666,-1594538.4615384615,1.8,0.20000000000000004,0.6333333333333333,-6833333333.333333,644692.3076923077,0.0666666666666667,-120333.33333333331,6.766666666666668,7.666666666666668,48.9,59.93333333333334,58.8,52.26666666666667,56.96666666666667,62.83333333333334,800375.0,6625000.0,12.666666666666664,18.33333333333333,0.6666666666666666,17666.666666666668,2.955,313.8833333333333,2.4833333333333334,74.85000000000002,87.56666666666668,290.4000000000001,833.3749999999999,3875.225,-3.9,831.9,102.7,46966666666.666664,119.26666666666668,48.73333333333333,28.6,16.133333333333333,27.6,31.5,463000.0,0.03333333333333333,0.06666666666666668,-0.2384615384615385,3.461538461538461,0.033333333333333326,-0.03333333333333336,20.666666666666668,7.666666666666668,0.8333333333333334,0.4666666666666667,2.1,22633333333.333332,488669.2307692308,252076.92307692303,45846.15384615384,0.5666666666666667,54.66666666666666,60.86666666666667,0.7000000000000001,-2.8666666666666667,15816666.666666664,1.0,97.23333333333332,291333.33333333326,55.83333333333334,80307.69230769231,795214.2857142857,-15714285714.285715,0.16666666666666666,34.63333333333333,342666.66666666674,10.266666666666667,5.7,0.4400000000000001,232.2142857142857,13933333333.333334,-51700000000.0,51.4,-147433333333.33334,0.0,0.1,-0.16666666666666666,0.2,0.10000000000000002,0.13333333333333333,7.2333333333333325,74.36666666666666,0.4,79.83333333333333,2.6166666666666667,53466666666.666664,87.0,1533333.333333333,0.10000000000000002,1561666.666666667,0.16666666666666666,23.23333333333333,6360000.0,4.466666666666667,95.2,0.7666666666666666,21.0,844666.6666666665,0.25,0.5333333333333333,1.65,0.7,2.1,1.3999999999999997,59.6,0.892,0.06666666666666668,-0.5333333333333333,0.13333333333333333,1.2999999999999998,1.15,-109800000000.0,0.09192307692307693,0.8666666666666667
2021Q1,157190000000.0,336480000000.0,216950000000.0,193010000000.0,240190000000.0,181090000000.0,1520790000000.0,60360000000.0,307370000000.0,63940000000.0,52110000000.0,34510000000.0,591470000000.0,52930000000.0,11770000000.0,0.26166666666666666,2.0176666666666665,0.6316666666666667,1.083,3656666.666666666,13023333.333333336,0.7666666666666666,100.89333333333332,48228.66666666666,0.4266666666666666,0.16666666666666666,4554.25,1.4333333333333336,270.5133333333333,1.5666666666666669,1.9,263.15666666666664,17.7,1.9,8.333333333333334,0.7333333333333333,-610153.8461538461,-3.233333333333333,2.0666666666666664,0.9333333333333332,1466666666.6666667,-463076.9230769231,0.2,31000.0,12.7,1.0333333333333323,55.53333333333333,64.63333333333334,61.6,55.03333333333334,60.29999999999999,70.0,809437.5,7469000.0,22.33333333333333,23.66666666666667,0.20000000000000004,21333.33333333333,3.0776923076923075,308.08461538461535,2.7,74.25,88.55,320.43333333333334,851.8307692307692,4033.2,2.266666666666667,810.9,96.33333333333331,108433333333.33333,114.8,51.3,32.166666666666664,25.96666666666667,34.766666666666666,58.56666666666666,417000.0,-0.03333333333333332,1.4666666666666668,-6.43846153846154,5.0769230769230775,3.1333333333333333,3.6666666666666665,14.666666666666664,2.333333333333333,1.3333333333333333,1.4333333333333336,10.9,78933333333.33333,516623.07692307705,228984.61538461532,46800.0,0.3666666666666665,61.4,84.56666666666666,0.9666666666666668,-3.8333333333333326,16200000.0,-0.6000000000000001,37.6,269333.33333333326,59.23333333333333,643538.4615384615,797750.0,-142833333333.33334,0.10000000000000002,34.833333333333336,448000.0,10.966666666666667,6.166666666666668,0.5833333333333334,302.1666666666667,17370000000.0,-71233333333.33333,52.46666666666667,-378000000000.0,3.8666666666666663,1.3,4.033333333333334,0.3666666666666667,0.13333333333333333,0.4333333333333333,11.0,74.6,0.033333333333333215,79.85000000000002,3.1333333333333333,119066666666.66667,83.0,1776333.333333333,0.6999999999999998,1580000.0,0.9333333333333332,33.800000000000004,6306666.666666668,12.1,96.76666666666668,1.1,15.0,566340.3333333335,0.25,0.7000000000000001,0.9333333333333332,0.9,6.400000000000001,4.233333333333333,63.2,1.2806666666666666,0.26666666666666666,8.0,1.8666666666666665,5.4,0.7,-195700000000.0,0.05115384615384617,2.9
2021Q2,147590000000.0,318320000000.0,197380000000.0,211630000000.0,226200000000.0,189460000000.0,1383100000000.0,69360000000.0,412980000000.0,66150000000.0,31500000000.0,37070000000.0,677420000000.0,59580000000.0,12540000000.0,0.3433333333333333,2.295666666666667,0.847,1.285,3880000.0,13070000.0,-2.6,107.54666666666668,22658.33333333333,0.20666666666666667,0.2333333333333333,3654.5384615384614,3.766666666666667,275.8533333333333,3.333333333333333,4.866666666666666,269.31666666666666,34.43333333333333,2.5,22.23333333333333,0.9166666666666666,-539923.0769230769,-0.7333333333333334,1.4,0.8666666666666666,-10966666666.666666,848461.5384615384,0.8999999999999999,101000.0,17.5,0.13333333333333314,51.96666666666667,65.76666666666667,63.1,54.46666666666666,63.06666666666666,78.96666666666665,543788.4615384615,9522666.666666666,28.0,34.0,0.4,6666.666666666668,3.1869230769230765,272.25384615384615,2.85,81.01666666666667,92.3,337.2999999999999,687.3153846153847,3102.0923076923077,-6.133333333333333,810.9,100.63333333333333,79333333333.33333,111.23333333333332,62.83333333333334,38.16666666666666,26.93333333333333,30.23333333333333,75.53333333333332,457333.33333333326,-0.26666666666666666,0.0,-17.2,14.199999999999998,-0.3666666666666667,-0.16666666666666666,12.0,25.33333333333333,1.7333333333333334,2.066666666666667,37.03333333333335,23833333333.333332,500116.66666666674,187983.33333333328,43466.66666666666,9.251858538542968e-18,60.83333333333334,89.89999999999998,0.8666666666666667,0.5666666666666665,17733333.333333332,-0.9384615384615383,-92.2,804000.0,62.26666666666667,-3807153.8461538474,503384.6153846154,56307692307.69232,0.5,34.86666666666667,558333.3333333335,10.133333333333336,5.933333333333333,1.0,352.53846153846155,30526666666.666668,-71933333333.33333,55.73333333333333,-177333333333.33334,-0.06666666666666665,0.9333333333333332,-0.2333333333333333,0.3666666666666667,0.8333333333333334,0.7666666666666666,22.66666666666667,75.16666666666667,0.6333333333333333,85.39999999999998,4.083333333333333,60466666666.66665,82.33333333333333,1679666.666666667,0.7999999999999999,1594666.666666667,0.7999999999999999,37.46666666666667,5836666.666666668,17.0,122.06666666666666,1.7,19.0,769333.3333333335,0.25,0.5333333333333333,0.6,0.7,6.6000000000000005,6.166666666666668,71.13333333333334,1.6203333333333332,0.5333333333333333,-5.0,0.5,2.2,1.15,-190300000000.0,0.023846153846153847,6.7
2021Q3,147530000000.0,310470000000.0,194060000000.0,197590000000.0,240080000000.0,203380000000.0,1410480000000.0,67860000000.0,316820000000.0,63240000000.0,38240000000.0,38600000000.0,737860000000.0,67920000000.0,14380000000.0,0.446,1.7433333333333334,0.8436666666666666,1.179,3033333.333333333,10293333.333333334,0.2999999999999998,110.17333333333332,17520.0,0.23,0.3666666666666667,2991.0714285714284,4.1000000000000005,279.47,3.6,5.366666666666667,273.6266666666666,13.633333333333333,3.7,17.566666666666666,0.1,-565307.6923076923,2.333333333333333,0.6000000000000001,0.65,20450000000.0,-1520307.6923076925,0.43333333333333335,36333.333333333336,18.85,-1.5666666666666669,50.70000000000001,66.10000000000001,63.13333333333333,53.5,63.46666666666667,78.39999999999998,370714.2857142858,10686500.0,27.0,24.33333333333333,0.3,30000.0,3.0484615384615386,261.5153846153847,2.9166666666666665,70.48333333333333,80.43333333333334,350.04999999999984,719.4461538461537,3374.723076923077,5.5,810.9,99.63333333333333,108500000000.0,115.63333333333333,34.1,32.833333333333336,29.366666666666664,18.566666666666666,69.39999999999999,421000.0,0.3333333333333333,0.20000000000000004,-17.2,16.415384615384614,0.7666666666666666,0.6666666666666666,8.666666666666666,10.333333333333334,1.35,1.2,15.666666666666664,-3550000000.0,418753.84615384607,193546.15384615387,30407.69230769232,0.15,60.16666666666666,82.10000000000002,0.8,1.3333333333333333,14433333.333333336,1.1153846153846154,-89.06666666666668,424000.0,62.56666666666666,-2600076.923076923,362285.7142857143,49142857142.85714,0.5333333333333333,34.766666666666666,457333.33333333326,8.833333333333334,5.133333333333334,0.9333333333333336,394.76923076923083,15690000000.0,-71700000000.0,52.13333333333333,-236500000000.0,0.7333333333333334,0.13333333333333333,0.09999999999999994,0.55,0.20000000000000004,0.4000000000000001,31.866666666666664,75.89999999999998,0.0,74.38333333333334,4.666666666666667,40650000000.0,77.0,1650666.666666667,0.6,1568000.0,0.7333333333333334,24.0,6053333.333333332,19.8,117.4,1.2,11.0,749333.3333333335,0.25,0.4333333333333333,0.4333333333333333,1.3,2.0,5.7,68.3,1.3496666666666668,0.26666666666666666,0.10000000000000002,0.5666666666666668,2.2,1.15,-190300000000.0,0.04807692307692309,8.233333333333334
